projected_case	source_sha256	sha256	packet_path	all_mapped_cases
F05	6e11de16c9c42b31412bd09c7fd6897d16fa513009b622ac36d6ddfe01b4c46f	816280e7ec58b4b54c407c87a098ab40fe860a48c5fdd0ad04aaed40424057d2	packets/G05-allow--macos-arm64--existing--isometric.json	F05
F05	cbe3846211bec7a9170cae9ea63f9611df87905d1335c306ab749ec984d6149b	9fe7e541dd9d4cc70459bc7e2e748cc4c3c6e7a8262225650c7953d6b79369fb	packets/G05-allow--macos-arm64--existing--tensorcash.json	F05
F05	60c81d652133469a83548d34f99e87347de280bad4584a90a5721e6c89e1c808	8bfd1dcde862e72acc1b997270859899ec833e559aac9e05981f25af7f57e2c5	packets/G05-allow--macos-arm64--fresh--isometric.json	F05
F05	0b50fa399dd1b62b088cb257138332f6d0ce701d8c0b0249c295d8ffdccfcf19	4592403b224e937944cf7f25f7fa1539c7d946762a2cfb89a3b59aac3035dbf3	packets/G05-allow--macos-arm64--fresh--tensorcash.json	F05
F05	aecf5e2811857bae0f3e202233f5a04878cf876caeec6f578b0c2a904180bab2	ed8fcc9f141940e7a1840f7101e9cca208f06b6fe422a59ee184bd6f6953dc18	packets/G05-deny--macos-arm64--existing--isometric.json	F05
F05	b749d15e8aa57f2497aba4eb90676c3d5f5eec5841afd08419edb354742c99e8	9c7158148a2e2563778991a2625703fa0427a4361f6e907bef903f4244fb8a09	packets/G05-deny--macos-arm64--existing--tensorcash.json	F05
F05	ae69e3b44c62891d9e85e63d8f38957559f82789c94ff855a04000e0329168ad	a965f640b4aec28478fa104235df29ee4a5a45e45f99f174bff813abb81114a5	packets/G05-deny--macos-arm64--fresh--isometric.json	F05
F05	2b4ad288f6c2bc2d430d3cfde86cb270ca5c365182c23bcac234f5edc7b8f8ff	ddd5cef92a94bc8ee738412a7072f8a98a0e1f97484b06bbbf6af744704a19dc	packets/G05-deny--macos-arm64--fresh--tensorcash.json	F05
F06	6135cb1385762ad5698065ac50026bb05267063f5c12e37147457bc4af240c93	ee5428a8bb1482edc742651dbaa9145639fc573258a8502268c5c9994f7cc614	packets/G04-FR--macos-arm64--existing--isometric.json	F06
F06	547eec44823a43b688b6cb4aa2669526530f7ab82d3976a90f460c05fe18c56d	775d0bd5418a35222923d3422e42da32aa6af0b0f8ca50d69a4d50abd8012624	packets/G04-FR--macos-arm64--existing--tensorcash.json	F06
F06	f47c9513319ac325d4a2e3aa4f62f09623d0bbded7680fa0c8720f2d03f7560d	e79980bb41296136b160d1ba6ac8efef4604267d0103577f1ab51d59bf0033e5	packets/G04-FR--macos-arm64--fresh--isometric.json	F06
F06	5c42fe9a65580915ac14a3bc4fabe5452a46244c890315da80b7d8e70da13c6c	8ad311dc2a7a0a283755ee91c4577c8f96db2b8bf4e583ce9d532d05e9e62579	packets/G04-FR--macos-arm64--fresh--tensorcash.json	F06
F06	0a36b58b7ec7780d38626a361b331fe8bf02cfa161284b08635c24e8606807fc	ac83e03009ec477f8eea7a737eb5dc3f84586a014895d545d40cea8ba984669a	packets/G04-RF--macos-arm64--existing--isometric.json	F06
F06	2d9b669b8dddc239fa6f77cd3ad4a79a3b6a8b08985372e87d727c93fd1ee2b3	0e7b15e265a2981d8272dabab4463c581b4350e36911cb684a1392865ddf2307	packets/G04-RF--macos-arm64--existing--tensorcash.json	F06
F06	5d41c10c7c6ef2695e05ecb140add600f9e3ba39d6d8838d89fcdf0ad39e50d2	cb8a00d97a80743ce560036e85426e003c1f9883b9d173300613e4886a9f13e7	packets/G04-RF--macos-arm64--fresh--isometric.json	F06
F06	a2ac233b1b7205520cf0c98151eed587603ffcf57adae958107773df3eb187a8	fb2f1adcf2a7052556c9b34bafee5b6fa15225207d491601cfe418d1652a972a	packets/G04-RF--macos-arm64--fresh--tensorcash.json	F06
F07	c61193edc36984fa809b69482248671a5dc4149fc53be407297580028b51642c	8f13aba895be1b1b6b29b5f5fb7ccf707f1331b560ceb59dd6679fb17e5e3eec	packets/G06-FRF--macos-arm64--existing--isometric.json	F07
F07	9479f2fb7f05b0c089ff5c697787b006fd7e31cde8c294b80caf5fcee24bf849	96a3571d0c3eb4bd1347e6f594c2d76a580f7c366b1f2f819c6d43e3b0cc676f	packets/G06-FRF--macos-arm64--existing--tensorcash.json	F07
F07	052f863cd377ba7268d394b1a8b57184f34d2337c8938a0a52820b787000cc21	6698e5ade1b18b1018476998f44bbea1cfa24756dc1848697c44fc869daf8a7a	packets/G06-FRF--macos-arm64--fresh--isometric.json	F07
F07	4cad770b8b0ea08b5e9cbb7394217db3c33e714df0d319609e2843486f13616a	f4b6db47e6d6e90955c15cae32fa5859527cd526a668d4ce33055e4b05a88e03	packets/G06-FRF--macos-arm64--fresh--tensorcash.json	F07
F07	8a3289570b979ce49d85e1d6186972cd9f00ba58c51d433de6317dbfbd093293	e80bd3775354a26a6a711e08ec4fe1e71dd5b6da7c9326173fbb0f807a3fe399	packets/G06-RFR--macos-arm64--existing--isometric.json	F07
F07	65a319ffd083f61556dd7fe742252c7e8ba805c7cfc5c4f7ae83116fd88366fe	883d68ba0fb182dfcf07c230fbc3f93f253e27c6c7f8c1ec729cafff1bb1aa61	packets/G06-RFR--macos-arm64--existing--tensorcash.json	F07
F07	08bf17ef531d2cc49c761a12e0e1440cceebbc6a418047d7c20de211c21c932b	eb5dd6c136291c077725766f6bad8aae206f56c713dad077f18b7b69cc46b7a7	packets/G06-RFR--macos-arm64--fresh--isometric.json	F07
F07	55d5bdc06881a2b901c2248b1ebe069c85342884cabef64dc2f664059273591c	7dec1ceb95b726928baf8c3c8f0a67b83912539bb83a33801ac784effc2281f6	packets/G06-RFR--macos-arm64--fresh--tensorcash.json	F07
F07	26a11bff53fcc4495cb2dbc2a86d259b3fb3f8237f69ffd9bfab7dbe56dd8a99	38f8bcf39a991fe3bae0305540746357177f0362ab36444f00418aed674ed82c	packets/G17-old-id--macos-arm64--existing--isometric.json	F07,F10
F07	abc42fa8ee536202d8a9d96246475b8d443cb8dbc488544acc5079694d89d93e	01ebff54e323dc91923f0d9b25ac967bb29135cd6d27f0e701eb6f6a5100ff10	packets/G17-old-id--macos-arm64--existing--tensorcash.json	F07,F10
F07	842f34a340b68482afeb9cd95d7b0837e5ca54a84147a1db92b2236454d0b33f	b4ad51a603a0b69725cc5302eb9f5024085044ee13880342e6d814b9cd5afb9c	packets/G17-old-id--macos-arm64--fresh--isometric.json	F07,F10
F07	49f256b0a2bff6c562e86d291fd6127be6560c95d6c8cdc0996b7b7f98dcf41b	9155a27019e51bd7600892102ebdb64b53c7b7776d5ed77d474a75c60942dd72	packets/G17-old-id--macos-arm64--fresh--tensorcash.json	F07,F10
F07	d44fea9e9176d3f5da7ac6d65eeb1c5b18f4301c586ae68923015e044d63cfff	6e556e3a6b5896975ca81980acdb7b3e188f9e1cd3be7289ec87470dd932664d	packets/G17-other-thread--macos-arm64--existing--isometric.json	F07,F10
F07	e22e283fb28ab1a3d8246e78fa73bc18bff89b1a74c724799d7a5a5d1bb89300	6f4469ec9e96a6f49f8d7f2185b783197569dd9e704d1f9b5caa000992f852e2	packets/G17-other-thread--macos-arm64--existing--tensorcash.json	F07,F10
F07	a1b73e24bf64590a2d0913ace5ba0e73da3bac867dc3184f4dc428117a9387c1	3bfae2605c4151332b4b163b2335be8de2737cc35c47f3c64b034e46b9ac7861	packets/G17-other-thread--macos-arm64--fresh--isometric.json	F07,F10
F07	3229d5b7becfd347d6272105c233b44e94e7540e3051e62d76a86652c439425c	2e5e9f90bd39aa15377e862352287d9bb4310a44127ba08fdeb57a31a9f87bdb	packets/G17-other-thread--macos-arm64--fresh--tensorcash.json	F07,F10
F08	0455cc8bb7891756e9a58d0cc13e9bc6e0556a556f25e1af45ac94c51ae34559	9bdbd72e53fe69813d62304e61fd222eba10db9dfa3e8767e247e173ae3429c6	packets/G07-F--macos-arm64--existing--isometric.json	F08
F08	05845f83be11e19e870c87b2924ba69842ad2788064eae8ca899848d635a249f	80bce34c747961e86ad05ec81d244e1b5dae51fce5838a348a6cc2010f0e6e08	packets/G07-F--macos-arm64--existing--tensorcash.json	F08
F08	af71cc6d8814cf3859eecc81cc416a234faa71f3ec25f576a67cac97a52dbf7a	fc164f341975310a2612249d53a306c0f923825f7a473503717ade39a2503cfd	packets/G07-F--macos-arm64--fresh--isometric.json	F08
F08	3e732b68db9d5d10d980de5ae034271b2c48a2f9b1dfb63d84f9c8de33241b26	b9439bb75781faba6c71a412dbae97de59fd6dd665b247c955de029a6e162b8f	packets/G07-F--macos-arm64--fresh--tensorcash.json	F08
F08	96aff8d87ab96a9618e6bc8e4633a69fe311bedfd1ceaf549c3d5c3b43f38a01	d934d201fab545d08f2d8288f9a0421899c5b8e0b8ae58721199f393cc529cee	packets/G07-R--macos-arm64--existing--isometric.json	F08
F08	dd0d41a8eaf39479b42ec260db5a873d40a6007c7b1c725d761af5e372727055	de30c92ff28710cf4ffe3b6014ecc898582a9eb778c68793815b1d9377021f4e	packets/G07-R--macos-arm64--existing--tensorcash.json	F08
F08	e1e535ebb10e2849af62fa9ff4da05a6b029859655e9c5d6240ca4ee8b27a965	15a50231fdf82fe472c62539723c6a9be9871167ffe6c5928985c12c9ce8fa66	packets/G07-R--macos-arm64--fresh--isometric.json	F08
F08	623e20e380ec5db45a21d4ca94a3a447bd9216d5b803a4952ad70d1332ded0af	eb2a7dc22b1b61feff3d4dcbfdbe1b2cd82e6cf194b682398a6b0f1f6cb9eedd	packets/G07-R--macos-arm64--fresh--tensorcash.json	F08
F08	223461fb6aab5cfb27daf927175de8140dcd149016936a1fa4a8ea93c4f51515	830fea6a1dbcfc9e30ecd6482caa73f0d95401fba025b62cef077db919a820ed	packets/G08-failed-FR--macos-arm64--existing--isometric.json	F08,F10
F08	53d8e6b11e4575178161e7e006fcee7d3418889084142fe3390b57f3fe778a62	7d99e21b0c686cffb8745684cac1387e7c70af1c2c096ff1134c6d8f6c342062	packets/G08-failed-FR--macos-arm64--existing--tensorcash.json	F08,F10
F08	265b19ba7c8c7ddfb743ab55f1aea7664fa0575095c1f9196d5d25a8f5ebbd82	366d40b7f7e3dca73bb0dd3bf01abe60e2530e0e0ec447f76c22c7d6be0c2869	packets/G08-failed-FR--macos-arm64--fresh--isometric.json	F08,F10
F08	dc26f02ae9760d0f25d5351ca7a22a0aacaa6e87e2fa08c4f07fd2d2aae838d6	c6b3b9ebdff2ea1b1bf4fd7a17dcb41865e04a01d45658090274c881a0e28134	packets/G08-failed-FR--macos-arm64--fresh--tensorcash.json	F08,F10
F08	bd7be0a864ed4a91785637279334562a49cfe67e3411337b9c422b16ca4c0590	03b3775e9ce6f779cbc180140f36d93908094b83a60206470068d1b363544162	packets/G08-failed-RF--macos-arm64--existing--isometric.json	F08,F10
F08	bf25e8d606ab78d159dab34ce9971ad888d833a76890f1cb69c93d7766758109	f83a40020d841810d4e52fc1b19c554d8ea2ef23f40a646ece9e931333f0fab5	packets/G08-failed-RF--macos-arm64--existing--tensorcash.json	F08,F10
F08	52520915b9bb433512abba2a9623d638f1f02c56731b9ba8d40d1955b5a0b085	a287fb486bb3706849ac59364f6c4289c202bac00d2b1973e7d0358449ae359b	packets/G08-failed-RF--macos-arm64--fresh--isometric.json	F08,F10
F08	d19c13e5d2585de345845e3b9f4d1d7053ff567ed180e23f627eaa2deb0ee66d	67e71a2c7b7d5bce2b38c5b53a0f337c9133ec4d4f23cfdbd095e9a8312316ec	packets/G08-failed-RF--macos-arm64--fresh--tensorcash.json	F08,F10
F08	f4f52291013aee6c4c17d604b7e86ff3e914fb5a999aeb9c5eca99b7b7c0bf02	5bc0d57f2b53e73c443042e115fcad9687be558e0ba15c33eb40ab024a1a827c	packets/G08-uncertain-FR--macos-arm64--existing--isometric.json	F08,F10
F08	01b1e974615c9cb14cc8d669ba1b4da554a704c6d9be97de428ebd00c7eb80b8	5b2bb71fd04420772c5950e59c153ef9781b78ee7a8b5e1d12b58086333930bd	packets/G08-uncertain-FR--macos-arm64--existing--tensorcash.json	F08,F10
F08	aa22c0960a399ca12df85413dee2e3d47a7f202dcd7234872190620b4743b6d5	e143a218e3000726c4e0b3748b9bb6626e8fdeb0db3b575931922e9282185e97	packets/G08-uncertain-FR--macos-arm64--fresh--isometric.json	F08,F10
F08	df970cc7936c05cb16a31158a01505f31207bcaf7823ccfcccab84f29355d321	acd9c4c71e389132fee9567cd5c2e13a4151fca067d79439ce23fcfbf3526d4b	packets/G08-uncertain-FR--macos-arm64--fresh--tensorcash.json	F08,F10
F08	5dadd278ae5dbc16a2ec13178eb8afd22ce0e2f0473f78d3cece408a5d3b7dd9	c620698165900eb1c71de645afa2f7ddfb9ddef5bfcfe7c908c32548ef72aea2	packets/G08-uncertain-RF--macos-arm64--existing--isometric.json	F08,F10
F08	76fd63f5a0479a2984d336224cac9af2603540ab962b06f43194cc027061307d	c4b3613da082bffe2d04a6c74061e0bc9126e0ce885a03514c6fdcdfbe452057	packets/G08-uncertain-RF--macos-arm64--existing--tensorcash.json	F08,F10
F08	c8681010ca2cba59965bd5cead67c10724062c53a7c74244d31b3b95ac402abc	e8f53d6d2afdf51033f1fb1cc38b0a236ee0af4f711f10f761898c41773c8628	packets/G08-uncertain-RF--macos-arm64--fresh--isometric.json	F08,F10
F08	4f8f85ed0d0998d3fcb86c51539b4a89ce84a8a03bcd135d2f8c3c125b8700f2	04a11815e7e994b31114769ee89eb4e69834fc9c04644bc1949f2a78d10d9bf0	packets/G08-uncertain-RF--macos-arm64--fresh--tensorcash.json	F08,F10
F08	be69a2317e249c5cf38a1465f238eb456d85077f1dea5ca178547eb641731180	6a0ef62bb148cd484869755b32267be0417b9802e97d53a5648f925a1aec35bf	packets/G08-unsupported-empty-FR--macos-arm64--existing--isometric.json	F08,F10
F08	ca0d179d72a54e695b54fd5f4dfc06d2eaa06902207188390589aa6525c8e412	c0aa9522e507f0410b0de284c839c31ccb81df8b9debd6048892160ba576075d	packets/G08-unsupported-empty-FR--macos-arm64--existing--tensorcash.json	F08,F10
F08	15347e3db6889af44788b15549f9fce3b7beed47dfe7739cf212fa48e7992419	86263800e77675a28f0a20066ee8e4636dbcc81be0e2bcd9408a9c1d8a8c5366	packets/G08-unsupported-empty-FR--macos-arm64--fresh--isometric.json	F08,F10
F08	c2d2edbce597633b602c59628c7ed69df3206ea56cd6834426efd8e9f17f6370	5127d5aff86816362fe3944d2140073672350f2ec70c1c9187cfd43450999aba	packets/G08-unsupported-empty-FR--macos-arm64--fresh--tensorcash.json	F08,F10
F08	5a75750bd10ac86b5a73e28b9f0b0588844f820e65fb695d8851d729edd93a73	34df0b35811de766f5c7da1f066ffafeea79d44ac7fc2b5635aef1ef4a32d02f	packets/G08-unsupported-empty-RF--macos-arm64--existing--isometric.json	F08,F10
F08	cda9c165901ada22f97f8cf75cbc2b394ce6f95e9a1c76f64b9da33b670d52c7	baade994cd13cb2f89c8fae50feb110fb9d1819b8cf7933b899c8ab5bb99493f	packets/G08-unsupported-empty-RF--macos-arm64--existing--tensorcash.json	F08,F10
F08	c4c46e7ed4bd0b24ae17189aee4215a38e3853ad2ad747c2355a05e5dc8f55ef	d870adcc281fb5180baf99b14df0ec517a993d9262fef785856d915c84101397	packets/G08-unsupported-empty-RF--macos-arm64--fresh--isometric.json	F08,F10
F08	87b4d9a6b46ebef5951b3f3855bce760b9f0560346b355721046b93310372987	64cda7b84a522b76d00069468c8c7e20a6c7a610b7f6b8f710a4d9c24b050b71	packets/G08-unsupported-empty-RF--macos-arm64--fresh--tensorcash.json	F08,F10
F08	1bbe04fc5efd681aeae04bf18511bc13b2056d6747a1c2b82d7ca9e8b8def4bb	e438b524611f8e9dd5746c03082a2ac382b36c936d05789a19afc34551e69a9d	packets/G08-unsupported-method-FR--macos-arm64--existing--isometric.json	F08,F10
F08	51ff126f83f1fda783819a5a9e23724c0a827f8bb6b18d1d04d2ac37d7bcaeba	891364931b4b8d0e1e3f5199d518960c646986c8b903beeb4a591b4f1e79c80e	packets/G08-unsupported-method-FR--macos-arm64--existing--tensorcash.json	F08,F10
F08	fbd76f35ecef00b240c77ec3d46c3bf7ef94eb51942b63f172471e51fb50a1f6	b77becaef87e788d39c3997b716be9193b0f231100c90659138e874dd974cc76	packets/G08-unsupported-method-FR--macos-arm64--fresh--isometric.json	F08,F10
F08	702d6aaf91b385b3e7974e3a87ad0d474bfe208953d6f90fe77fbe8826718fab	4df0074c9de7eaf6aca06ee3b44b92e729702c6e4ebbda2a2bf43998d2ce76f6	packets/G08-unsupported-method-FR--macos-arm64--fresh--tensorcash.json	F08,F10
F08	a5a4f7cfaa5168e209d7933dda21f3feaca286ca08a295a78717adf3f4897886	c8af20eb191af8a620ee4ab6809d55f4a511ab5c3bf39090c9fb76fc7530e2ca	packets/G08-unsupported-method-RF--macos-arm64--existing--isometric.json	F08,F10
F08	87b0d0e3f3491c74f03a06a7dbf95db9cb73c326668c5ce62c7ac4dc23b3dc89	5729b0000cd9025d245d4be49aba02a747e590618cd875fbdb3e9075a581752a	packets/G08-unsupported-method-RF--macos-arm64--existing--tensorcash.json	F08,F10
F08	213731c74f993991d02e53b3211ec2367ba6fbdfe99ff63e8b953998f688598c	c6942a6e2ca4359d5efc3ec3e9ea052d8eeaea1a295c531aaf25c8a5f4505978	packets/G08-unsupported-method-RF--macos-arm64--fresh--isometric.json	F08,F10
F08	1ebf26f8b19d4b9a4b508e0d49ecbaddb7071308cb6a4151ae0ed3da1c52b732	b3bd5c0500099540bc73240f5bb2bbca00b9645e57fba9516c3d830fdfd96d48	packets/G08-unsupported-method-RF--macos-arm64--fresh--tensorcash.json	F08,F10
F09	4f3c51658bf44463f93acfc646b281aee6858f0a14d3462e0345369cc10d725c	18606876618c59f642b8787b8960641a97525f56e73fe3dcb5298518c41206e9	packets/G03-FR--macos-arm64--existing--isometric.json	F04,F09
F09	7478936a621671be29cda6112e55e2706e698e2ba734d73fb433c2d22d4f0b7f	5c6a649cbb0c700fe48fa8bfef675d4926191263c5b6d92825a142752d0beed7	packets/G03-FR--macos-arm64--existing--tensorcash.json	F04,F09
F09	027a8ecb941b666e6f1a62a90e5e8dd6bfd4364db891a3f400d3f22d116a3851	3c9045dfc59b18814a566efdff86ec54e83034f2df0b8e96c77d24fd559fd920	packets/G03-FR--macos-arm64--fresh--isometric.json	F04,F09
F09	c4b7df390094d06ec739cab611f69cd2a2a30d239ebd39c01f4126316f61f9bc	db2cddc741b713ee075011bb682fa16bcc2eb4fbf17484e955eaf8a84431001d	packets/G03-FR--macos-arm64--fresh--tensorcash.json	F04,F09
F09	bc1ab90f830c81d3c760bec8c99efaa3ca79c316279d22aab1c155c1b44422e0	26ec12ece8c3c6d53b981cc0edcf5ece8aa20579a99ecbc3db095ff5c394ec5f	packets/G03-RF--macos-arm64--existing--isometric.json	F03,F09
F09	07d6b33429d3ac20484b169991db447efa9faa3ca86ecf64dcc4f57b1e65e8d1	ecf3a41e0d02e6fca8de054408ff30f4d454317f01eb9def0a54cfcac171b01f	packets/G03-RF--macos-arm64--existing--tensorcash.json	F03,F09
F09	c19dd30708e609bee29d5403217ec7a81f0bd9a65255cd4fbf831d2bc8c1ae2e	a76526f7de09adb13e3064759c8992a6fdd57c64bf2a15c122b56bb9ee74369e	packets/G03-RF--macos-arm64--fresh--isometric.json	F03,F09
F09	c1334ca23767e459e8e950da5afcd7c4c4f51a297f16e6848518ae92290f4d33	6969c653adb40bcb933ff7ba80ae84d0fb009fb9ac6ba5d6cbf35b2e9037ba75	packets/G03-RF--macos-arm64--fresh--tensorcash.json	F03,F09
F09	9549cbc647611d7ea7a85c5e56e6a2fb9b88ddf3d8953deefc85809cb3995a03	715abd75daf3f2f8a949262fe5162935c714738f75317b12701fa4dac6e8ffbc	packets/G09-FR--macos-arm64--existing--isometric.json	F09
F09	c5390d42378b2987016461cf297587888d8000f96574e670284b19148f47e57c	9a5f85a5c96b747bba10e32e492ed57714728a368f9a3e092331f08252d684dd	packets/G09-FR--macos-arm64--existing--tensorcash.json	F09
F09	27ec9111070c39dbf2cda9fa9cb64b95ea7fc2b523c15f09f330d4123cac3af8	d7f371ee6ec226b5e2800675321e7c86cdcae2f385b737c401b41b23649250b6	packets/G09-FR--macos-arm64--fresh--isometric.json	F09
F09	03b87fb1a5ddbd318dcc5ff2fed5361dfdb50f34f33336fec86a139d1b37dd33	601768e2c012af5c9e5dbe789a714f06567adfe443c148a751f394326341daf5	packets/G09-FR--macos-arm64--fresh--tensorcash.json	F09
F09	35e5a7348d38f2b5994798ceb1734acffe56d469f47c420309cbcb1a8ea5f598	927a815342697a717aad7920750c54ba8800ebbb131605a5ea278e92676cc3d0	packets/G09-RF--macos-arm64--existing--isometric.json	F09
F09	11918fbd697a9d262525525c00356fd208295da961ae3b88bbbae0b00bf450a8	b37b89b98c42cd4c6b0022c06e09eb539ebdab2a84cd32612a63fb9b024ce837	packets/G09-RF--macos-arm64--existing--tensorcash.json	F09
F09	bcd3233acefdbd8aa4ece71a8485d11fc49f6ce4d8b878a226514b7f1475bd0b	112e0cee2033bcfe7a76c33d576450aad900e1b58a6e5f8e76551c2777fe9f63	packets/G09-RF--macos-arm64--fresh--isometric.json	F09
F09	7cc8ebc8024fd1146da91ef2c574964c9f31d852e82b05782131a7b49ca59285	d975dbfc86315bfbcd2ba047757076a7c9923b3dad268dbe06491cb5f13dc3ed	packets/G09-RF--macos-arm64--fresh--tensorcash.json	F09
F09	a35726edd46b047512da8ee160a06665a0e00ddd3c04376622a0369b25412970	ed1e292bce3beb2d41c2da4a89297b4056070ead2764f75d9d950e5f548471be	packets/G10-FR-new--macos-arm64--existing--isometric.json	F09
F09	a9254cabe4e81f23af34e8e7fdf6d059a9b4c1c5ae1ea7b98bd5e5da5f89db72	a2f2ee42a12d2f0dfdde08f60bd6d35cb843b21f27370a8d0a09ab5a3dc3fb48	packets/G10-FR-new--macos-arm64--existing--tensorcash.json	F09
F09	5b0b4e4f007cb719fbfdd80b3c5eb81afb4b19ab37282c86f7bb2adeac19b533	de0975f23cfc17bcf570077db4e75381b40e5e0fe3bc326b893a4b4eb568e0a5	packets/G10-FR-new--macos-arm64--existing-named--isometric.json	F09
F09	d3244256a0ddae84e2f3563241bccbc2a845cea34b1c37c9317e69825e0d0d5c	c47c69dc65857bd64307505bc4b2e0c3f1451e9e7fd362d0c0a41b22f98a7ee3	packets/G10-FR-new--macos-arm64--existing-named--tensorcash.json	F09
F09	404ab7120c0ff78c5eedc6297abc6d000a271a0a0149fd411639932b115e4f1d	59540632a480cc7ad5f57e7b48d6fc77e426f9345376d9f3d3a3278086837a0d	packets/G10-FR-new--macos-arm64--fresh--isometric.json	F09
F09	5ef7a11e45a560f677e72d2c84078f30ec708d5fb44614848edb04de71642e07	9e3d0b7ed5f3025cbaaeb0c5f42450663b4579c226c5ee036a9de57292476abc	packets/G10-FR-new--macos-arm64--fresh--tensorcash.json	F09
F09	41849a716fa83093b4280e3661c79a44fc06cafc3cc42fb00ef65fdac78dda27	fabf8fada19c2af341cc8608190493a1d311e9b762d841743d6cacf59a24a871	packets/G10-RF-new--macos-arm64--existing--isometric.json	F09
F09	3996f8cbaaf6b6c5317721e520eac8d7aeb18d4b9231783caf1866ebd347713c	e11fb8e69f4d93621d0fa05d35e2dbbcc801e2cf98a18c1f04e7e4ce9b9a5805	packets/G10-RF-new--macos-arm64--existing--tensorcash.json	F09
F09	4adee312ab76140d891bfda0fec5f19438ae15ea395592049db39909b002a238	d214da034108fd6d01159997b8e8cece644d244d52aa8feb2f16503f9f1d8220	packets/G10-RF-new--macos-arm64--existing-named--isometric.json	F09
F09	56ced16fba51fd700f4aac442bcfe69e99eeef4591b6c8a3ea3612c527bc6d7e	931f88ecaca3c3a3b03739c8464b2d61f6a8ccc93f30a524421feb31a6fa2505	packets/G10-RF-new--macos-arm64--existing-named--tensorcash.json	F09
F09	f493a6c7491534f39f326763d47dbb343de40ac08fe4ad0db60ec3ebcdc109f6	0c4de9bc2002ffd0973dffc2e0e6e4eb0a0d951902eb6c5add56158d1cde47a3	packets/G10-RF-new--macos-arm64--fresh--isometric.json	F09
F09	9b836c91edda61b1a8b74d4276a1390b45f74728214cef5cd4a49abb3c62426b	d6b772a232d95e590b4d04577288a67de3fa9558e957fcce4b958c241348c53d	packets/G10-RF-new--macos-arm64--fresh--tensorcash.json	F09
F09	aa132ee963ab885591298e02db53e2b28af41bf9864236b2348afbc9899115b4	76ad13b0819bd1d382079a8697277a87fa2774b2970a55f5b127a2d4e5f9c65f	packets/G11-FR-start--macos-arm64--existing--isometric.json	F09
F09	b71740766a4123c46abb9fa3b04b7da11ca6848230fc0b2a2870f72c84756430	0e11b12fe7d130a12da1e6ed1d367aabd3175eca7a72beb8d1c4ce1bd45bf8b4	packets/G11-FR-start--macos-arm64--existing--tensorcash.json	F09
F09	d08af1f2fcc0b45666f2bf88b22ba155f486b800e59e3eb5d757e9497e4d818b	afcab4bc5cffe1ed8f6d1b06b749ea30bc17a2917d0f5d78096514bf33b947c1	packets/G11-FR-start--macos-arm64--existing-named--isometric.json	F09
F09	1ff43770864cdc89849fb8cd3e47751b14462e6e88ca90b6555e1478a0cab7ed	d856b885164dc1a487c700a9ee381d2c94263bae552d39b0a60724428100f8ba	packets/G11-FR-start--macos-arm64--existing-named--tensorcash.json	F09
F09	0563a144d9d2c743eedcdd10a9114dc8f9f0c004784de57ec375f7cc86e4b0bf	eef16e1e66b3b90333e27487d83c8ab07d27d8702329463f4badc5bcba0e756d	packets/G11-FR-start--macos-arm64--fresh--isometric.json	F09
F09	8a5af6f336d3449d8c442d1832cde19139ca83262b2c46da920fedd82f793583	f76e4832f72f02d19d8120fb1a02715524d5445d2ab25c07b7e34e803c0ee03b	packets/G11-FR-start--macos-arm64--fresh--tensorcash.json	F09
F09	5b505d7854b01f5c61736853879fefb2ae32d6f6b97e2379b75a3cc7f0e16417	6737c2997c5d26fa22c11d0f1f9af2a37bfac79f66b370794d5471af6b7ee0e3	packets/G11-RF-start--macos-arm64--existing--isometric.json	F09
F09	04f0994a698876b2fef2f8ba0602887dbbafbe1dfda2b9c6d47ef4d40112eb3d	e2c621cc3dc3b7c668a526b66db8ee0142fed57aa26bf4cc2d69f98bf24d6040	packets/G11-RF-start--macos-arm64--existing--tensorcash.json	F09
F09	67750dac3915868fe42cd80cc803924044104104ef15109fe23932515eb8f145	2d1e324f2368c979a353a777c4bd74a3ae532c01c8ca0af4723922a1d2b08ea2	packets/G11-RF-start--macos-arm64--existing-named--isometric.json	F09
F09	2cbf863712f18ab2dc8bf99ed31debc0e49ac023df12604b89422c72c6866d50	05ff5a7ad0ac25c86ee1033c4dc88fc8475e579d3a7c205aeea2d45c417b54ce	packets/G11-RF-start--macos-arm64--existing-named--tensorcash.json	F09
F09	04179b27297d007312fa1219d8e57c760c674761246fcd515c141f08113d4305	97b580ad1021f9246c06daaad24525a189209bb8835a2658d0cc87bb80f1a57c	packets/G11-RF-start--macos-arm64--fresh--isometric.json	F09
F09	2c1ce3f2e95a3e1b62b2ca808b9bc9a4ea72f0e0e262385c407b5d335fc200f0	46130467439b1ea6194e78a9731b495545a8344061c02fcf4c04b04457427434	packets/G11-RF-start--macos-arm64--fresh--tensorcash.json	F09
F09	2bada81ea60c379c92ec74e5893b6bb8c55c15044d62c4b920d5962a48d3f86f	d8437cc7dbc1a6a28920cd9d962e78c80cae4e16ecc76450833908f622b52184	packets/G12-applied-observation-first--macos-arm64--existing--isometric.json	F02,F09
F09	082fb99512098336f73cf358bd50ea6b9889aa5420c535dddf4802576f4110ec	fe83ca45abfe21c6a80e8594d52d57c6cfb1cb98af293d0811d989af317e698b	packets/G12-applied-observation-first--macos-arm64--existing--tensorcash.json	F02,F09
F09	e960025a5c676d5305fb7031e1549a7bb1c184d4fe5e949666f4277bdb4ab40d	94b8a05d06649f79bd53aaa6218e37e0825393009385120b4ae25dc3dfb93af8	packets/G12-applied-observation-first--macos-arm64--fresh--isometric.json	F02,F09
F09	633851bafa359faac32dabdaaa716d203e7177e8747ae164cbedac85390c339e	97e152449e6f1eb8b830af3cbda8b8a0dcabacdf3f20e3ffe2ca5b6246427459	packets/G12-applied-observation-first--macos-arm64--fresh--tensorcash.json	F02,F09
F09	4e6d4077c4911195ea6e0299aa0ac79405013f9fc92697b5fba4e8c9b6e2da49	b6da41a7210fcd65f0ee77c8c3d7ea841b5de0c3faccf573570a64c10fc2d6e7	packets/G12-applied-reply-first--macos-arm64--existing--isometric.json	F02,F09
F09	310561ca155bd2cbfcbf8349509fb0890a1fbacc56ad8757fdca3bcd68d9b11f	a2800413944ec292cfdbbca2a0ff47f496e95020254decac8735fe66732689bd	packets/G12-applied-reply-first--macos-arm64--existing--tensorcash.json	F02,F09
F09	e52aa74a948c2706a4d7f112b884619aaf2f2a16774d40d177a587a53080ccd1	fbba3fcbc956fb918a8f9db6902525c14d5fc2f912f64a3a4fa16a54a5775789	packets/G12-applied-reply-first--macos-arm64--fresh--isometric.json	F02,F09
F09	2e8dddd64eeb506bc3da8b6686919f0b3c342acb5aed70533290a1ef36bffc4a	3839612b0b31bdc638908fa6f84dae9e77dacf3e3b9d8014a2f2dd6b475ec424	packets/G12-applied-reply-first--macos-arm64--fresh--tensorcash.json	F02,F09
F09	427b1d74ef6e194325dd408e6759f488a60232859e19dcf54b663cd0438cf25b	c3f8c164544f79ef5a3543ba53a11759d88ddc7a72a59504babaffbeff86157f	packets/G13-failed-FR-local-image--macos-arm64--existing--isometric.json	F02,F09
F09	7fa71a1c9e30d000c63421b4f90212820274a563f4d92cf021e2f2352d08f6c2	99165b0e91383b377a89dd5e68e916d85879a57fb42886d5c67378cbc48f2cb9	packets/G13-failed-FR-local-image--macos-arm64--existing--tensorcash.json	F02,F09
F09	254db569c6da7a19908f3044047f28cd3261cd5c45b2e98f6bada216d0d4745f	a167057471297558e6b310755e6cb948adabb3105b19bb7944897b7bdffe2536	packets/G13-failed-FR-local-image--macos-arm64--fresh--isometric.json	F02,F09
F09	85d3c39bc418cff400a6179b35e906d17574546dfe245906437667d888c205d2	72713460fb4898f5e607c9196c54793e4c853113517ffa7f516413996b527034	packets/G13-failed-FR-local-image--macos-arm64--fresh--tensorcash.json	F02,F09
F09	3ca141c418b86aa9e6ef4dc68f4a8cd0bc9d0c76d461794b7d3ee4aaf3c4e03a	f235b44c62ebaef9f15232a8875c28b8b6dfe896cfe92fd797e872713d635f33	packets/G13-failed-FR-mention--macos-arm64--existing--isometric.json	F02,F09
F09	d600798e8f4db6226ee269cecc4ff14bf9a919f93cbe7f98b7c2ed9acd262a23	2e7713e9c088f21c34c920790fdb0c99d06d7015ef9fdb05d8137225bef1b52b	packets/G13-failed-FR-mention--macos-arm64--existing--tensorcash.json	F02,F09
F09	d15757ab20cc9154a81707290415a7a15cb665443530b1b5069f69a806846461	3d2e7081cf15426db2059e9861675388780a9142e27c01fc4e52cfb85a999cd2	packets/G13-failed-FR-mention--macos-arm64--fresh--isometric.json	F02,F09
F09	a80b89c66ddde8239bdf1df3a2643d52e1b7c02f6774947e1c7db63452a41d36	aa92e85352c822f268ee6fc1b7c7e0f75d4cab588a239b8ca25c7090ecf66f71	packets/G13-failed-FR-mention--macos-arm64--fresh--tensorcash.json	F02,F09
F09	72e30e2aa2b261f05dc35d8683af0c34eafad4c2d388e9e5bb7117137227e125	a6804ee6afbcecbdb10ad3a53bcbacd7412f950daadf0dd6501be64c6eb3cd0f	packets/G13-failed-FR-pending-paste--macos-arm64--existing--isometric.json	F02,F09
F09	8fb248d3117a8ea4131f31595233ab7c3213aca74ad3dd04a8049fe5595139b7	2a612d5f2585a260e73992378d05b4aebabee7d1552616147fbf248700535a78	packets/G13-failed-FR-pending-paste--macos-arm64--existing--tensorcash.json	F02,F09
F09	e46bfd1eff75d9623940e1d8ecb82502e02a525d6c8217d05f58cfddf0542b58	77b28cd308e5054b43b5e2b62b5e9e66cff84b7bfbb39b2e4d3504d4fe0047ad	packets/G13-failed-FR-pending-paste--macos-arm64--fresh--isometric.json	F02,F09
F09	e2f34fdafcdfdb0390df82e587e645c445c3a35e8043a9c3ef7310bcdb803d88	64b2412ca254cf334c051034fc142e6c0352f87f749c407e162d777676d96013	packets/G13-failed-FR-pending-paste--macos-arm64--fresh--tensorcash.json	F02,F09
F09	a861e27ecae856251b963d7d3c654ad6d3e92e46fba9114d221245b49571f078	f09b62e69cdcd991139c9de3f08d013ea7dc05cd55c0247536532d6f36b7a098	packets/G13-failed-FR-remote-image--macos-arm64--existing--isometric.json	F02,F09
F09	76629a7948ed6d8f571f5b9bbb24915ece59f81e0a3d9a452453aa4998b71326	b02fdb39d9bcb0724fc6d842963850d08b149223660fd1c696710dacf37f5f6b	packets/G13-failed-FR-remote-image--macos-arm64--existing--tensorcash.json	F02,F09
F09	46404aca26e2f1d59c0e77fcbdba0da219f0d94827ddaf9b451bc2abcd5664d0	92a20657f6635d4854a6136d7045574a34f855560707ba55d5d56165e3d0fb1a	packets/G13-failed-FR-remote-image--macos-arm64--fresh--isometric.json	F02,F09
F09	bd0a66e942a9d1179b774dccfdabda28b7116be431675ccb02f4adb348091b6e	85a303a24206498e8e0e4eee347446fc94fd72d486ead10582b2f1d50ce2c751	packets/G13-failed-FR-remote-image--macos-arm64--fresh--tensorcash.json	F02,F09
F09	eef5fbd5ea31fde873c42ad30b7ae66f1cb5658fa7abedaf3b6e9a2df0bee4e5	b3c00e4399570f258da5deace85c9288f84810e3501d3ace2840891e8be458e9	packets/G13-failed-FR-text--macos-arm64--existing--isometric.json	F02,F09
F09	56ad5c89d9bfe0204f95a94e98eb5cbccf42087c90d9af992c9433015bcb7d93	466ed4ab30aed5bbab6fb1f39cc016653cb3999323e3694ee4095ab113a86d68	packets/G13-failed-FR-text--macos-arm64--existing--tensorcash.json	F02,F09
F09	861d9dc7d66fa12b34128d899e9b14401161bc1f40356b574113f0fdeefe455b	0fba219bd58bca424c1e4b79c9717496956c8411f67239d0cbdd185aa7ccf3c0	packets/G13-failed-FR-text--macos-arm64--fresh--isometric.json	F02,F09
F09	39907ff3cea37f183de932317295336e504d3f8470f43b54bbc98c3dadb11aef	4c0e5e0729be1b09e72861e017b4ac34d727572c02e59f709b0e65c40b5dd0a5	packets/G13-failed-FR-text--macos-arm64--fresh--tensorcash.json	F02,F09
F09	76379b33115e74e5d9205e331d3a318533bbf76bd3f2c7b7d70c487fd0385b4c	dc8e71d2fc2dfb7da4e7d000c4fbdf02fe16310e770fa44bd50f19b8bab1881d	packets/G13-failed-RF-local-image--macos-arm64--existing--isometric.json	F02,F09
F09	17a60910f2f5ff95411ab4b804bfcac3c946546ed6733f063ea136303ef82777	6f894df084eae8fbb015db30cc0e58e224b29906b8ae5146bab1d92ba9e249b1	packets/G13-failed-RF-local-image--macos-arm64--existing--tensorcash.json	F02,F09
F09	eece6d1797d0ce8e0a8d6ba8c276984014f37c032e19c0a668c3913026f310d5	3928e068c982fe8677a0e28aa13bdc7d73d922f540024d21986423c1eb896dc8	packets/G13-failed-RF-local-image--macos-arm64--fresh--isometric.json	F02,F09
F09	8071c13e2d74e3c476be6a3f0f3c700e87b88c8ff482b3279d24e83fccb15dca	47394629b621565795d23f2552d7210f7ed4d21dc704692e2b7140f1bf83bde2	packets/G13-failed-RF-local-image--macos-arm64--fresh--tensorcash.json	F02,F09
F09	b8774c68f2c95809f71f58a76213010b8b672d0dee3698946cc3533ae9f46145	d9949092ae37555e86c36bf2bc9ad703ae10ecceede0af9072080762e4d88697	packets/G13-failed-RF-mention--macos-arm64--existing--isometric.json	F02,F09
F09	2ea4fe418b530595c3d488a5293d38f8e287673f922265fa986c5491140ea98a	465dc0bdd2e099e759da083904cdc2241e9ad9e3d4d5f618b813950fb382bcc0	packets/G13-failed-RF-mention--macos-arm64--existing--tensorcash.json	F02,F09
F09	64fe00e2d21adb675bc1a7bd573a9b913e178a990e80ea28971b57fb38f148cf	42786e0c8a033d521a59e84c893d04c381c4e59045b64abc8a7c84f881c307c8	packets/G13-failed-RF-mention--macos-arm64--fresh--isometric.json	F02,F09
F09	4881df3cbf05d577659149ddccdc84f166d2e31f00f37a7db99ab8351624fdf6	17e6499c644a96eb5553bb0f43aa121b623e0f78c6f3ba5f569c3c2a1b611e97	packets/G13-failed-RF-mention--macos-arm64--fresh--tensorcash.json	F02,F09
F09	d85107711daa62d57374fb2a565b765731bc233c93410b5b77000a8ad8c08d3e	98866fc37a8438b46daeacc07c67c39d72fb944adc7f957fa2c6922a6c902034	packets/G13-failed-RF-pending-paste--macos-arm64--existing--isometric.json	F02,F09
F09	60992ba0af0ecc8a30461dcd63bc93432cc520370fb3d556eb4fb5c2f26008e0	2dc8ed886fbc0f708f14e060c7d238021113ac35ee67e63cf6e9abda774202f0	packets/G13-failed-RF-pending-paste--macos-arm64--existing--tensorcash.json	F02,F09
F09	48d322c40054a405dcead8b04d40f7b54e0f65e0917a4aec25e224f183f1c160	b47434e0c45ee338cdc9da3563be10d0240c9461dbf4656a20fd60a4695b787f	packets/G13-failed-RF-pending-paste--macos-arm64--fresh--isometric.json	F02,F09
F09	7e4cbcdae337923297229b6bd0d56cc36e51b8f02d786bebc236f6d40bedb67c	a4af8b791da85bb96e26d52267c40403bbf707d2b9d53b3a4aecb7439c3ebfdb	packets/G13-failed-RF-pending-paste--macos-arm64--fresh--tensorcash.json	F02,F09
F09	3850e55326a8f483da003eaae90c3f130aafe44c176fc673bf841d8e28d0fdc9	544c1c0c0cf273b0ab0b6daff846c87ef189234ef4a790b7ca057eee065bf195	packets/G13-failed-RF-remote-image--macos-arm64--existing--isometric.json	F02,F09
F09	bfccfc1e1783e1480581b9fec86dd78af4106718c4b9d5d4e188973c6cf8c830	6fce09ede7abd24c41303e1e75c6a9d710cfd233c79ab49e0050c5e10f64c934	packets/G13-failed-RF-remote-image--macos-arm64--existing--tensorcash.json	F02,F09
F09	0afe49f670e4328ea2045b9b613f2e44f5d0ed3e274d29cd14ba7353449f6ea2	53a520d358674b2c7bcaaa5c7ae62a7642270525bc93709856c3b2caf985a053	packets/G13-failed-RF-remote-image--macos-arm64--fresh--isometric.json	F02,F09
F09	99414a7325f70bf0c17d4125aaa50e122e301fbee17a3e7a5df07d60cac0460b	eb2fb2d4e9be966c61942186a595151f9242dd16206417ce2f9ae778f6bf5614	packets/G13-failed-RF-remote-image--macos-arm64--fresh--tensorcash.json	F02,F09
F09	03fe6082bd31b8fdb55c5d3656f021d645dc4d57434ee72cf5ee317d2c2c1f2d	285ac1814d03bec4668473c9a8a14f9f9524721601050c6379d21653c43b36c4	packets/G13-failed-RF-text--macos-arm64--existing--isometric.json	F02,F09
F09	7d847518555dbc87d18e8a4a696759450aaa37031422586f69cd796cc761581b	908f701164013bc2f9109579667a34077a8d2810f8a543214046d0d9fe5db768	packets/G13-failed-RF-text--macos-arm64--existing--tensorcash.json	F02,F09
F09	f0414a5ba674a66a50253a5b59755c1a01752bc52e50a6ea4546b124059978fa	06509ed6b1e58a4dad687f8cb3cd53b6cf1933edf4cebdb8942687565c55c021	packets/G13-failed-RF-text--macos-arm64--fresh--isometric.json	F02,F09
F09	0c3a4fdaf2beee010964b27fc88e04a2147d81aa022ae20ff27923e34ad8cd19	e1c390b9b572ace5089a4498ce6c93aceab52dcad96871687920e9910453ad1d	packets/G13-failed-RF-text--macos-arm64--fresh--tensorcash.json	F02,F09
F09	0225dd9d0007a80eb5f013068264f2f12fbcf296275b37226fb633000a35e704	4e39a94804c2b08baae1bf5bc0551899f4fb8345118654fa17e024c77d37444a	packets/G13-superseded-FR-local-image--macos-arm64--existing--isometric.json	F02,F09
F09	72ba4ce2d35ad7732045e368fdc5b7054ee4b4ebb972d312215648f1768adb08	1278f19b001c64ea21af680191eaa619625fbc309f4c0aa9cc94cd98fd6d4e43	packets/G13-superseded-FR-local-image--macos-arm64--existing--tensorcash.json	F02,F09
F09	637a7fb6a753c987ac092d22a8ebd308be8b621fcc05eb00f8c8acc3b4c70e71	a9f93d6cf39e4fffbf1b71f00d80816947b451eef44e1380c9335f32088eda64	packets/G13-superseded-FR-local-image--macos-arm64--fresh--isometric.json	F02,F09
F09	b408a6e714a3e4a33421c25c5bc779531c2db8624a0c548afe42e16416498cfa	fce2faa41c0e7516ed733d4dac28c8f78c18ea94bb96c1999fce5c7f7abf8ae5	packets/G13-superseded-FR-local-image--macos-arm64--fresh--tensorcash.json	F02,F09
F09	6d564c32a1f595746906f7a4572a69ab04506a89d083d2c93ba7d2444018ebb8	cec1669758979cce525ef097aa6d6847be37751aca39fc33621468b18385b5e1	packets/G13-superseded-FR-mention--macos-arm64--existing--isometric.json	F02,F09
F09	c323ee2d53fb7d8a1f6a1eccf43e4e3d8724bca762d01b12c18f49fbae375ba1	55b865cd9b8a7f82d55d72a433923d3639ea1ae9f9713a18d40ec149c4bb1ae7	packets/G13-superseded-FR-mention--macos-arm64--existing--tensorcash.json	F02,F09
F09	5744b7fa3f9b8b9f9c5386d6c17bae71baf91a7a6ca52e33f85d61725a8147dc	3cadd4b55dd2332ebca4d1cca237fe85581a9f3c61da9ecde4b532cc30f5e10b	packets/G13-superseded-FR-mention--macos-arm64--fresh--isometric.json	F02,F09
F09	8503e16e9d636eaa50c81451ee3fe247c2204c26542bebd804be364e41338e36	d474413f2b7af524d047afc849360cba6a2958914ac53013b58e1dcd046926fe	packets/G13-superseded-FR-mention--macos-arm64--fresh--tensorcash.json	F02,F09
F09	9df1ad5b875f9541fe6f175cd16c4933dfb6f12e72cf0d316267030907c22b31	6b144854c994dacd326fd95134ab7de664beb05f6618a43b05683114e02ea4d8	packets/G13-superseded-FR-pending-paste--macos-arm64--existing--isometric.json	F02,F09
F09	5030d0a3152f5acee4c3af1187eb4dc91ca02460e4c0406061459ca9f78f43e3	a9305bb94589f6fa71baa763371df86a260d6a8707ad558544882524e2a12635	packets/G13-superseded-FR-pending-paste--macos-arm64--existing--tensorcash.json	F02,F09
F09	272955186cd09bd7ec57e3d98c65dce8483194570ec4e9bcba15c2a1b1e8b439	3d42435a887c19e2640c931134507c892183e31b543b274e84ad81fc7cf56697	packets/G13-superseded-FR-pending-paste--macos-arm64--fresh--isometric.json	F02,F09
F09	b06e4bbf0753ecd177debf8d26260768c12dbda41e5d311f5aa65a094d2e0b35	2f7e0ca04b5b791688d89a2557ef81c77b0cd657885ba20275f1571c699753f5	packets/G13-superseded-FR-pending-paste--macos-arm64--fresh--tensorcash.json	F02,F09
F09	4816bf6bdb56cb34ab9c2dc7fd7a807317b44cb962e8fa38e4758f78ba62f537	658dcb386332e541d48d0ec87e179497cf0b29cc637e2f4aee31e7625683ac77	packets/G13-superseded-FR-remote-image--macos-arm64--existing--isometric.json	F02,F09
F09	9582eb689a1b283471e4715b339e22451772251677030b65ab582574cc8f6b82	6eff1eeb8147eab93a8b284f0b8e886e96535e7e077bce6a7bfe412f2a76bce7	packets/G13-superseded-FR-remote-image--macos-arm64--existing--tensorcash.json	F02,F09
F09	9189eeb9689be543528fe4c00fecf88c8c45750983021c7156431eae7aa022b7	d1be7adc2ea243667310720b2e0f6990278120e55dff5cf105a2a8866a43cf93	packets/G13-superseded-FR-remote-image--macos-arm64--fresh--isometric.json	F02,F09
F09	449b2ddc25965ece4bf7ec56da778f45d1d657d309deb7a2fe939924448d0cf9	67370757cf4d7cc5c73e59bbe6ae87b7a6a2bc24d6d6b3caac1e6d435dce37d3	packets/G13-superseded-FR-remote-image--macos-arm64--fresh--tensorcash.json	F02,F09
F09	2d28cb05d6ef390dee803c5abe5bfc7936830b7ee619086309c1891026e182ef	2002ece1aca97a32366a6e0ed2c526adab2feb9e4ea74b2f1a12bfcd12a77102	packets/G13-superseded-FR-text--macos-arm64--existing--isometric.json	F02,F09
F09	e5df24f1c0b8efe1764f60bda16545aebb1b846ff80a3852f570f7671fe9719b	ea9cc56df16612455d589b118a708b76477abfa3d852d85fd4d5d4f6a71f7d1a	packets/G13-superseded-FR-text--macos-arm64--existing--tensorcash.json	F02,F09
F09	2fb09f9890e346758a64011686fc5877715f8ecadda1dc6db10a3850ee024004	00f319d48e449bfe0ab4720848f8eef1f769c2f37e43a642986d2c2fa9239a02	packets/G13-superseded-FR-text--macos-arm64--fresh--isometric.json	F02,F09
F09	460c1dfecbe38fd5031d631d872b77e4c90620ddf527505dfe87f7a8ad29b84b	47cb80619541d92471b145e90bcd10051e4dae88a9ba863c19dafbcaaebe06ad	packets/G13-superseded-FR-text--macos-arm64--fresh--tensorcash.json	F02,F09
F09	d6cf8019189c4bcfc5b23bdb05730784a178e9c021429962321283b4e18064f6	6d9b62df6f1eba149185216efc95bbb90dda4fedf4b0165acaf5fc9b925edcb6	packets/G13-superseded-RF-local-image--macos-arm64--existing--isometric.json	F02,F09
F09	6c1bcbeca402b30a4ac461908b83925e670bef5dbd8961b7e39cfcfe24bb518c	f17b9657cd62ec80ddacd7286ef87da99f02517f721159a4f069049b7f0b9563	packets/G13-superseded-RF-local-image--macos-arm64--existing--tensorcash.json	F02,F09
F09	877b0aa738f226b8c323eaa4989e3c269cf42cdaf0f54b67f8fe21726e6c38e6	7fa2b5b5a84df07789e2081a45846486fe7975bce2ff19707cfc2341a88c674f	packets/G13-superseded-RF-local-image--macos-arm64--fresh--isometric.json	F02,F09
F09	1f5d1999e2ed2e40e06b1de92af9c85727af9938183bdd4d6a0078a10fd4ed8c	82d39ca366754ef153bd10f49886443efbc5443a1cb8b42939c3a53dfd4fe5e3	packets/G13-superseded-RF-local-image--macos-arm64--fresh--tensorcash.json	F02,F09
F09	f4d7d3ad41e075f44c3b7499e0c7c1ed2533b5aa550ebd4579926cc6c974e934	00d574553062ba230d3c77a1ca2144d9a7d050e4190e79b75acbdfa46fb87006	packets/G13-superseded-RF-mention--macos-arm64--existing--isometric.json	F02,F09
F09	3ee6e265af4ebed08fdf2090c70bf5233e4e3157c305f4f9d078738dcf3c2691	ece517ab25bfb5fcc3630b83a5f05869168279a4747083487a07a4630d45b118	packets/G13-superseded-RF-mention--macos-arm64--existing--tensorcash.json	F02,F09
F09	c8d3dbb4e8f0ee8d37282aac1e0da69c9c15bd56e1ed30d18a9a102ab2ee207f	64939f77e2f131e3a18d1eecc05376fda1e73fefb7a90c49af32569b1fc8b715	packets/G13-superseded-RF-mention--macos-arm64--fresh--isometric.json	F02,F09
F09	74e62616a18c4bcd236314a74a070f0504dcd7801b6d6eff06f5740e6b9506bb	8c8c9fdb9ece4c3c0f2369aeff68f6a3e4589a6f9d897f9eb75827b89948fac6	packets/G13-superseded-RF-mention--macos-arm64--fresh--tensorcash.json	F02,F09
F09	f5a4653019d3d72ad23a73b26173c308bc5123ce4f9e3c3092d8fa68ff315a15	ae268e1fb5d510eb27bafcac1e01db6ed8207c6b6332936356281b2f1f7db6ba	packets/G13-superseded-RF-pending-paste--macos-arm64--existing--isometric.json	F02,F09
F09	57cc04f2b349d4d82ce5724bb6424f0da85de5677fffd7745f51414e205d9cfc	9bad26ce7c40024374bf33a3fca3e0f00b5a8688259c906a1147d4eb6578ab17	packets/G13-superseded-RF-pending-paste--macos-arm64--existing--tensorcash.json	F02,F09
F09	294e85e7cbdaf1c545b0664ec30cb01be0f91519dd2abf6012ca00b2e845e507	d87cbf0882e380dfedd3187158f99df7e25d1c82c60fd112ce88170402c211cf	packets/G13-superseded-RF-pending-paste--macos-arm64--fresh--isometric.json	F02,F09
F09	c61199c2f7fac4b2c5d0c52afc4e03962dbb7f4b1434f3621f1fb11316fb18f5	8650aa5dd56ca38fb77c28ac56f7afb9f62a55f2176df2d46af73676303497cf	packets/G13-superseded-RF-pending-paste--macos-arm64--fresh--tensorcash.json	F02,F09
F09	f478a729ffc8578c46bc765c55d2e6ea1480efee8e9667299f2f28efc972b779	b15a45862cc30f24a1404e10d8ab96a183e9a1cbf5c1e0fbf4881b758bcf25e0	packets/G13-superseded-RF-remote-image--macos-arm64--existing--isometric.json	F02,F09
F09	2f77a9d68603cbd02a344e21eb3ea832945f7126eccff719bf70a50e7a778794	acf7b4da7add0402c3c34e9d3bfdc30512e848daae6bbfe1dbe59827b214c5ec	packets/G13-superseded-RF-remote-image--macos-arm64--existing--tensorcash.json	F02,F09
F09	c73b344d8d4ebb2e771d58ac9e53e0a1ffbd710641ca3a1018e176bc528c1d8e	f9557bbeca49f6cbf07005a2967b49607216092707e80f0fd06e60bc188eb9ef	packets/G13-superseded-RF-remote-image--macos-arm64--fresh--isometric.json	F02,F09
F09	8fce00567461a8a63db0066635025420d5e9bf7130a3ac81d84c0382e51275fb	bc0ad3878f923c8b902067b147b0eba39539bda662402069d3d0821f9e017f92	packets/G13-superseded-RF-remote-image--macos-arm64--fresh--tensorcash.json	F02,F09
F09	69efe8230089cf7a521cdab5c8f2003d7917c75a92d15a1c3965ff759870899d	89b4ff613cb7af9f9b5ef38ba88f643a02181bf01f7c94163fadaf14d744ebb9	packets/G13-superseded-RF-text--macos-arm64--existing--isometric.json	F02,F09
F09	475d4732959f64bf3031509544c68f5e4b967619834f073f0511b75eb4b124fb	109d9380d502f1e25393976f9becbccdf02d6a14a1fed6a8d652db8bee32a75f	packets/G13-superseded-RF-text--macos-arm64--existing--tensorcash.json	F02,F09
F09	4d085abcece518a4aed87450c096caadd33d1a1007c3b303a0a7a6db18edcc27	e9bd082d1f3ede8c06e9bd1bf94b0178f45395ddab7dca4a632d771c74bdbb76	packets/G13-superseded-RF-text--macos-arm64--fresh--isometric.json	F02,F09
F09	76620eb77ff4e49bfc27681aee4ef013f8bd941cbc84487fd200ebc4c0f2c2f6	059aad7d1468bfc514ba4a2b9682ae68d62246fe06580bb866be80d1a938a648	packets/G13-superseded-RF-text--macos-arm64--fresh--tensorcash.json	F02,F09
F09	5c54fd0c656b6bc9e724010b20c0c745e754d41ce1e1bdc0e11668ae60786c75	5b122e738a7da627402fa30d03da44e8d032e4ba3f34bee606a084c85839bb34	packets/G13-uncertain-FR-local-image--macos-arm64--existing--isometric.json	F02,F09
F09	afec38c87f1c98e405a3d585c1b85462f3841c630decbd0d5c714f4cf20c2942	4a956f39058f973e86968c9ef34025079a4ff92e8c652eb8c3eeac4a2e22fb90	packets/G13-uncertain-FR-local-image--macos-arm64--existing--tensorcash.json	F02,F09
F09	7d428383bcfc5b1f9dc8a2f85f3651d6be57e0c826a56f6ebd66854c3d148fa8	bc3d579cef78cbe1feff275ad72b515695058707fcdb7261e2f37644d7a40f1b	packets/G13-uncertain-FR-local-image--macos-arm64--fresh--isometric.json	F02,F09
F09	6c4cb852c9ba6cc17332d50a6ecb99ea9a6e3582f39f219b418a24052c3efa60	662f95b7f6f3058a7675d33cdd5a2acba89ed9702555c4b6445e8dc37448c792	packets/G13-uncertain-FR-local-image--macos-arm64--fresh--tensorcash.json	F02,F09
F09	8988600de3394e7d598bf051e789fc603c4076e26fa9802934f64c9a7bc4244a	4c275422ea3ef6826c23cfcccd1f2ba6035d6b8fb35ccf8d39f437f2d2b0c4b8	packets/G13-uncertain-FR-mention--macos-arm64--existing--isometric.json	F02,F09
F09	32e09183124bfd95d51138243b340f79c53b8ff57f53a47f50dffe338bb44330	b239ef7d0c6f811a64fe408ded7d8c5878e124119f47b657500b678f6a02ba99	packets/G13-uncertain-FR-mention--macos-arm64--existing--tensorcash.json	F02,F09
F09	366cce84b3f36f0ceb252b29370e5528fecadb1f3600c5d9141e6ddced488765	38a3289fd8a9afb1bc7cc868f5e64c3549ac2c8a3825f7bd47a41f5624bda31f	packets/G13-uncertain-FR-mention--macos-arm64--fresh--isometric.json	F02,F09
F09	620c4eed101164b1b200b702f61750e52dae84c575720ac1a937eb39793bdfd7	e4648b013bc2d552bfdcc4b6da2703f99033878fdebb73b2eef1e71df884708c	packets/G13-uncertain-FR-mention--macos-arm64--fresh--tensorcash.json	F02,F09
F09	22f6e6e6f185982de114676d7af70d12aebdeda4b6a756c0ed0240e73520a8c9	8af780c55ce6c068e6cf9434ac61d76d7b434b52a66cb0a40fd7649b77d71e1a	packets/G13-uncertain-FR-pending-paste--macos-arm64--existing--isometric.json	F02,F09
F09	e3fb0b53aa6c028085300fa768c10b4d5d13c9793f92c490741a13b2ebeb703a	d76efc9ab6ddb71232881055d4e2f5fe9490cdb01da1fb7cc7ff648efd8aa2b6	packets/G13-uncertain-FR-pending-paste--macos-arm64--existing--tensorcash.json	F02,F09
F09	8e75e6fae2881b77de8023502e841e561deca7fbf79d882f6f488958c36e09b2	3a0a44302962a7c5aab1cd1c98c5e75ba64393dd4b87a0506ec63fcb06b1fd88	packets/G13-uncertain-FR-pending-paste--macos-arm64--fresh--isometric.json	F02,F09
F09	01d4899c8b4388dbbd54f758345d98c911f95a27fbe36599b036415df04cf728	5f0902d1f4cd706fdba403f4296f2e189fc3f861e2acf0cb797329ec63e49ce4	packets/G13-uncertain-FR-pending-paste--macos-arm64--fresh--tensorcash.json	F02,F09
F09	62e8f2bf078e5863ce12b627bf00cb85555a94d03af1ef6a71693cc63599f032	e31777ded1c69968fea1524c3a57a62adff10506021231f7f638fec443e3cf31	packets/G13-uncertain-FR-remote-image--macos-arm64--existing--isometric.json	F02,F09
F09	faba3f02fc63bfcc52d0c4e4a10a2471896112e66d38c4ac17525cb492fa4a12	6324dbd77392735bc1b74d310960f82bc6548536d444c4aa32cf9d7451105143	packets/G13-uncertain-FR-remote-image--macos-arm64--existing--tensorcash.json	F02,F09
F09	2603b51410454627016d98ba7ca09ad4e22e986e98309da31cb1ce7fee574c34	d158b82c8662c6f35623ff9d4d697271b72df486e3f4aad21cdc4b538e3857d6	packets/G13-uncertain-FR-remote-image--macos-arm64--fresh--isometric.json	F02,F09
F09	a68e1b93678ce8fa6f1153a831af7c317ad7a3a088e82b2a6551920f41c202bc	b470f8daffa5d7123cd46f96ed4fd4113741c944f828d687814fd61ecafb0e28	packets/G13-uncertain-FR-remote-image--macos-arm64--fresh--tensorcash.json	F02,F09
F09	f36098560fb464359b3c9ee09dc686374038bd8a1a4510dcf89a017afd1bef8b	2b8dfd9fd5a6798e9b1f75cfdfe3d07b793245881dd6c72b8d8d0ba54e4b12f1	packets/G13-uncertain-FR-text--macos-arm64--existing--isometric.json	F02,F09
F09	16a40b533eee58dfe255234880a35cf23fed7f9d5bd5545a0983cd9e6fde7c14	a3b31fce67c5b333f52c5a1c298a97aacd98e561cc4ebfccb29c809651894440	packets/G13-uncertain-FR-text--macos-arm64--existing--tensorcash.json	F02,F09
F09	1a4406c168bf39e71a4623ab615184e60fd620bba5b4e8065258a3fb07053cf4	e23253fdf48346245f66879dccb8f029a1a1847b8a85f33e60f8d8c2a7aea36d	packets/G13-uncertain-FR-text--macos-arm64--fresh--isometric.json	F02,F09
F09	190718bdb2b35abfc638a914bf36e2601a1ed66ec0c00bb29845efdc062c5fa8	254e99b68e6a658b93d2ff727ac2be2ce870ee9082bb6684af4e66c654091061	packets/G13-uncertain-FR-text--macos-arm64--fresh--tensorcash.json	F02,F09
F09	5a0c0a0044949429ca65332f2d5be99bab1554581f116ad397e731e011976193	d3df21cbb28325c9cebfa8b586f926a433d80f20fbbc95c4ee6e86691b5fe94e	packets/G13-uncertain-RF-local-image--macos-arm64--existing--isometric.json	F02,F09
F09	cef26617fe813ee9e92fa833ffe755c721ed4c659a6864758922d5a9b0d8f113	cc13bd4f5e5e2b64cea25a5de96e82dbac243242341dd86e7dcbb1b38c8a38dc	packets/G13-uncertain-RF-local-image--macos-arm64--existing--tensorcash.json	F02,F09
F09	c0e1b42787702a232b467b1af3f6e2dee5138e7a1dc8e7e015cca49bfcd151ad	240597f9be1042d45591c6ece810de6000e93a2eb106c48800adfb8f5ac47264	packets/G13-uncertain-RF-local-image--macos-arm64--fresh--isometric.json	F02,F09
F09	a504046843ce015ebfd67394eac61ad964cd8d20fc553c294a1c5d720be79448	72aabbb85e6faafca422b3f5b0253b2ce88a764b7a0aa4f47addcbf5f4b7d730	packets/G13-uncertain-RF-local-image--macos-arm64--fresh--tensorcash.json	F02,F09
F09	42b7beb9301a9b0cda001169f8eaaec2fb7641053234d7a61d9ddaafc01a4753	4e8ed494d3cbe1f889b34d68c97c4c9a71b498f0de7777073387dec082dfa84f	packets/G13-uncertain-RF-mention--macos-arm64--existing--isometric.json	F02,F09
F09	1fd312d8be84a4c61099691e35e057b9bd434833fe087b79bb43f896554c2240	44d7db77d812865d9af8c725b031ac45162c9acc21c7c2769d3f152c049b5788	packets/G13-uncertain-RF-mention--macos-arm64--existing--tensorcash.json	F02,F09
F09	f901aeabe348d759a73efd17356faa5d864c6ef398dc8d30231686c8a0147931	76fd1b83c90bf8093df8544ec2a59160a20f1f1ad5a97e3bb34cd829bc417bb7	packets/G13-uncertain-RF-mention--macos-arm64--fresh--isometric.json	F02,F09
F09	e8bcb74e7128c335ab9e51ff6529ffa3e3d96b70e9acf8d0d1e89596ab30647f	32aad3f7e0cf4b35b7f46ac5c3b82076606b48da2eaa5c0e60892dd026f206a3	packets/G13-uncertain-RF-mention--macos-arm64--fresh--tensorcash.json	F02,F09
F09	c6e3e812da9742943abd4fea403453151a9fa9aacfeaf4bcfafdcc79736f1824	ca43af7efd9ed28386988ce3ebf6ce17257b4f836466a8d5acc78f4bb32c9d07	packets/G13-uncertain-RF-pending-paste--macos-arm64--existing--isometric.json	F02,F09
F09	2c37ef26718585f45e4bf19086930e1d45dd934f9ed5ab7599140975ad5f2dd5	e56e21dce1e178a07b460b941841efa74236413ab199d54f2744ba41c966914f	packets/G13-uncertain-RF-pending-paste--macos-arm64--existing--tensorcash.json	F02,F09
F09	35876c77b3998bb5dcbc3cb9d0978f7a9d755503be99e8531429630b91c5d584	757546ed0922c2246428514e1b1f16ba1d66d5e46fa949d32f0797499da12347	packets/G13-uncertain-RF-pending-paste--macos-arm64--fresh--isometric.json	F02,F09
F09	5448881500effdb81b1076e0742af1ec643cf0deee9791eec9233c4bdca3b9ec	d2f2f8dddccaab29061e071067dcead0cd01c56e6375682a5a70d56b803e933d	packets/G13-uncertain-RF-pending-paste--macos-arm64--fresh--tensorcash.json	F02,F09
F09	454e2d12ab399022ae7565156e6b85e08f9633610f9df5b2009953a42f2a50ab	661add2eb688a9f6115353f8ca1e9799a27ef78cfa30f3a0dda0d55556cb44c6	packets/G13-uncertain-RF-remote-image--macos-arm64--existing--isometric.json	F02,F09
F09	9798c8993fcbf330eeb294d105e98da843d81eb1e186d9aba17a9d88fb29f2fb	35ac4866856e0e0bfa1b3a3b0ff32e5b1f650fa2fcb32a3cd2d93f986e7dbffe	packets/G13-uncertain-RF-remote-image--macos-arm64--existing--tensorcash.json	F02,F09
F09	9751d6e73f91a4bcb13c6664337b4ecfddac1b16f4f7efcd0b16687a727dad5b	f2cd0e4a15c2df980bf24ee5418bd0ef565c279c914f9165da0e66334fcff665	packets/G13-uncertain-RF-remote-image--macos-arm64--fresh--isometric.json	F02,F09
F09	ade4eec4c0a7e84a1bb5d7bb4637a59fdd9a640f8b84a20c1040a9bb23e8613d	a4e749f723e71e9f1f124bfecd25384cdbb7fd95b6960f72bdb6fd6196a7164f	packets/G13-uncertain-RF-remote-image--macos-arm64--fresh--tensorcash.json	F02,F09
F09	746255ad87a9d5883ce14805d9a80f1e1cb1ee37247505ca6fbacf8d6b55e88d	b98d2117802f4da34a51369fc57767037ef1fac21b7cd4e126430876cb8142a1	packets/G13-uncertain-RF-text--macos-arm64--existing--isometric.json	F02,F09
F09	750ca9cf4d67a46afb575661c263f3143cf5adc90fb6716df3535f65d4cb09b8	d1a831050f3e6f0419fcf5331df7d842829897a7b5314282feed16ffe063e140	packets/G13-uncertain-RF-text--macos-arm64--existing--tensorcash.json	F02,F09
F09	f906245782002af670dbf1d7b065979830e6281435eb763f87ab55f827b71e1d	07c851c6be0ca5c5b9f4efbb9aae98617f3510cb4fee6d108cc044cb35f5cf7f	packets/G13-uncertain-RF-text--macos-arm64--fresh--isometric.json	F02,F09
F09	164ad2962f02ac878b6918e98d499e779095b8cdb237552a2a526e29ebcd8c19	4c05acc2c4f1b120a8fd37367c911f78ea88794da6f15e5ebf87872edcb9ccbd	packets/G13-uncertain-RF-text--macos-arm64--fresh--tensorcash.json	F02,F09
F09	fe8ee51f46dbf4bec47d82f3c12449c03da5d5b17e2649410ed817789072ced4	8619c05a600464b25e4f355e10931a6350919736fef6c62c034e1095e31ddf5a	packets/G13-unsupported-FR-local-image--macos-arm64--existing--isometric.json	F02,F09
F09	a41c740ffccbb3c1b315b53c6fb235562230c01980db5aa9945b2b1f637e0374	245e1da93dec5ebd1f983f70f626f0d7e7be337713395d5f76ecca10b1bba1cd	packets/G13-unsupported-FR-local-image--macos-arm64--existing--tensorcash.json	F02,F09
F09	c111dda5e7ed6c68f49d9b504b494346559f220b145dbdfea22f68591a2beed7	732ea60e2f511d82691b808a5f6b35aab702c8bab0fd39b7e2636039f92b84ff	packets/G13-unsupported-FR-local-image--macos-arm64--fresh--isometric.json	F02,F09
F09	854ac518881ccd5f3dacb941bb89cf15b63d8236086500225bc3c3a83ce562fe	fe6e223dec910e6a1a586d06cb4dce4fd840b909b4ea222909a36e4caa3b0def	packets/G13-unsupported-FR-local-image--macos-arm64--fresh--tensorcash.json	F02,F09
F09	588b94058296b5523fc81b011b6371d70d84d66ec4e7d6d9f258b8ae57616fa2	d87df1d850358ce89add13d5f3e68584110efad93197e58f932e9e958c4b0bfd	packets/G13-unsupported-FR-mention--macos-arm64--existing--isometric.json	F02,F09
F09	b0bf1a5843d153dacd8ebaba4202a6265d5b19cd5d03bbc57399f451fb0ac4ba	2f9cdc16f452ec23d69aa0ea92530c7e79d134b45097ec71840ba0cab93486c5	packets/G13-unsupported-FR-mention--macos-arm64--existing--tensorcash.json	F02,F09
F09	7b77f7156da36eb0bab87b9ec4c6ab737e4642e3a20017d9342dba0dca9e3e23	708fc15c48635a90e5ed88cbd59bb026259d6cb29993a7211d7947d8cc661ac5	packets/G13-unsupported-FR-mention--macos-arm64--fresh--isometric.json	F02,F09
F09	9f489b044c5e8ab7abea8afcef6d45d89cab2f92b0dfdb0b7adf1d786ad1d8c6	54b8f13e545ce2c5e205816e2df86710a496fc1d95f5736392b21427a4cfa23f	packets/G13-unsupported-FR-mention--macos-arm64--fresh--tensorcash.json	F02,F09
F09	3de643763ed6c88bc07d2b2f19a5ac247bea74da88eb8d55e6beda8f72a14a74	3b181233b3aef89bc076cd353f9a48b7099b2bb532d4b89fe6a446095a755276	packets/G13-unsupported-FR-pending-paste--macos-arm64--existing--isometric.json	F02,F09
F09	526743a873e4619d48fd373c29fc99ac63cb47c5db3e57c741555fbceeb05692	08c2206f6189e59a6f0f7bc693c28ed436fc785cd39e323dd36b6280d29fd380	packets/G13-unsupported-FR-pending-paste--macos-arm64--existing--tensorcash.json	F02,F09
F09	befb19027bff0d638a5052a0fc839cc091f3ea6a95dbcba2822360c2534bc19a	068dd798eac94bfe062bb630e8abe5da1858633744ae2ba64ff43cb79b9b7ab1	packets/G13-unsupported-FR-pending-paste--macos-arm64--fresh--isometric.json	F02,F09
F09	80db12a46611286be95388a8115ed29f4a63b8a3ca923e9e0dc584620e248c02	c92d5b5cbad91a3333051075e40c54bfde7eebed01d9bcbc957292093e37063a	packets/G13-unsupported-FR-pending-paste--macos-arm64--fresh--tensorcash.json	F02,F09
F09	ef0aaaac0f215b88dd8ba7b9d9eb745e34058b3e8117ad8eb3d08faea7e3601f	28d4b7bba0f9c27c00ac2b5a23e74e62c25ee116e770cc25a68f352cb06631ab	packets/G13-unsupported-FR-remote-image--macos-arm64--existing--isometric.json	F02,F09
F09	0c866d1f499575a894c4c86ecc869b4dbc4026b69920086331ce282f942994cc	ce9f158dac801747a549d52b07128d361f2867b9034433811ffcb2120c024589	packets/G13-unsupported-FR-remote-image--macos-arm64--existing--tensorcash.json	F02,F09
F09	f56302d7a7638f89da10711443a835c3901ef1f5a1d396c30a604088590a6352	ebdb3246a4ef0d46098c5a79c55ec1143d86a5f99dc5a0dcca275315c38d5ae8	packets/G13-unsupported-FR-remote-image--macos-arm64--fresh--isometric.json	F02,F09
F09	bb515751af9a6460afa774cc2559b300bf4ba2cff8ec6e1003de8d1b2f759ca2	b14b07c89b6632a95cb6b3f7387e67028c7e1d71936b15e6cbf93937686ee6b4	packets/G13-unsupported-FR-remote-image--macos-arm64--fresh--tensorcash.json	F02,F09
F09	73b900f098d62987d89add8aecfb2ff97624e282288c30a9c6ac91e63f465091	4d0a6b21c1624f0bcd351b303f943d0edac160f6bca621025a20fa2905a63e0d	packets/G13-unsupported-FR-text--macos-arm64--existing--isometric.json	F02,F09
F09	e3ce2d3ac59679359a2af7e690eb1a6424c50330e7bacbf0a1c8c0bf66684126	fd3eb2e928852ec6635176cf3a930efdea5e7328b6e1af376b9d965143c25436	packets/G13-unsupported-FR-text--macos-arm64--existing--tensorcash.json	F02,F09
F09	0aac7da8c6fe4477900b35cfaa83ac8b9cc0bbb412bfc6b6c49d59e0e2e4ba0e	9a4b2a0d341557e1ba66db914abe4fc777e8354c574fc32a5a3d637e6f5b04a6	packets/G13-unsupported-FR-text--macos-arm64--fresh--isometric.json	F02,F09
F09	d51f9f1fe9f6a6acaae1000980aba4a5c6e3d931c451b53163d047653922c7ae	7678d36a0323cbd56d53fc69a4cd022218b2dfc0ddea90ead6f3aeba6ad1d551	packets/G13-unsupported-FR-text--macos-arm64--fresh--tensorcash.json	F02,F09
F09	a595cf087ae1d335a57f04e97c1470835b2c7c91abcfa54f646adeccb190b5af	8cba70eb38cd2455c08092f302ce1984eccc1b022c0f40e22072a1eddd602e39	packets/G13-unsupported-RF-local-image--macos-arm64--existing--isometric.json	F02,F09
F09	86bab5a555ee35c28980fce0bdc7627f6edefc6644cf81f57a8be0d0513406a7	a7650d8126dc0bbe0f849213fae4fdf7efa12e210d49d1aebd871d84d6abb56e	packets/G13-unsupported-RF-local-image--macos-arm64--existing--tensorcash.json	F02,F09
F09	32962a105f6fe3625dd6a45efdb3661835fd2cdabfe44724c627efb089ee3af8	21bce44a02521019c8988735bd75dac089959818041edfae76fd90bab32872aa	packets/G13-unsupported-RF-local-image--macos-arm64--fresh--isometric.json	F02,F09
F09	6f7edb3601a863897ba17557c1b97d583abc49b0d38b1b59d9926a019902d43e	4b048fb2cafd2298ce1380d95abd71af5efc6b1ca881210e3e9375459f8183aa	packets/G13-unsupported-RF-local-image--macos-arm64--fresh--tensorcash.json	F02,F09
F09	4b547cfee4e56b0497d023aea8a7b5cd328f6840ba24e0307e3cf2c33f119844	cf9abeea7534033cac76bec4cdc2c36a3fb1fdeceb969d08f55ba47618d5c373	packets/G13-unsupported-RF-mention--macos-arm64--existing--isometric.json	F02,F09
F09	2d33325291f264d01ea299496e85ca7e3b8fa736fa0245d4dfbe2250119fe605	16b09b4530c1fcb5ac985f5d7d691ab72f5d96f2537ceb9d895699ec60e03c64	packets/G13-unsupported-RF-mention--macos-arm64--existing--tensorcash.json	F02,F09
F09	981f0ec7eb4146590d29cebab62f85607661a3eacd168ad928c96ca411454329	e9d940722f07b3b01733bf049e060f6013ad383b1ad4ebd317b8c3c001c9f0fc	packets/G13-unsupported-RF-mention--macos-arm64--fresh--isometric.json	F02,F09
F09	992f5f9d86972e29c50cefaf560db6351a9117a069c746ec3fbd192d79c8e089	521224164779a760b8bccecd7d33e9e8772cc2635c6fa91d2b57d28ba3146194	packets/G13-unsupported-RF-mention--macos-arm64--fresh--tensorcash.json	F02,F09
F09	f3c5416f50c5de0ce62fb5f85ccf8c651f4733b7e19922aec01309fbddbfb80a	12693e6182bb5193e8030e09a2c8d470e1a73a8e9739fdca5387b66c906d7c41	packets/G13-unsupported-RF-pending-paste--macos-arm64--existing--isometric.json	F02,F09
F09	16049e85d0e40fe4d61bd8de5e4d2c33a462eaf46c785c127050f42a4466a2ef	511451c02e219635acf976dddb157a3a90aef66967a00b0cdffc222b85900454	packets/G13-unsupported-RF-pending-paste--macos-arm64--existing--tensorcash.json	F02,F09
F09	7e25ebd151e35d7f8bfe9ab144020a7349bebd31eea28cc2f6bddc4410ddd564	4b7d98829913299ee96db19a01498401f9cd85431c6f85e942a2a8faa24555b5	packets/G13-unsupported-RF-pending-paste--macos-arm64--fresh--isometric.json	F02,F09
F09	03f5a8667aa995eb5174f7edf25a1c8d3e50bc6f4f1d1c833d5f7001f24522b8	257c692f69b8f8d86171cc5b517524f06ce2d1fbcd9bae0d09d5acf6e95f6150	packets/G13-unsupported-RF-pending-paste--macos-arm64--fresh--tensorcash.json	F02,F09
F09	9bdaf3c94e1ea6c65b42ff71f11d17bd31fa7c37fe40d502c4cda65367fc57b0	2b45aff579d5bd57c949e80872c52ee029d0919b4db70990afd69502fa8adada	packets/G13-unsupported-RF-remote-image--macos-arm64--existing--isometric.json	F02,F09
F09	8f6013f50c53663f07fa31eda8a62ea0093399239307a6bb873d6fb2aedd7c85	496ff644c1a83f6da9c1ce1ae2c314c71265f28ac994b0dbe74e183c769b460b	packets/G13-unsupported-RF-remote-image--macos-arm64--existing--tensorcash.json	F02,F09
F09	e519afb72d09457f4708b332b758e77fe25b9e506713dabd1c0f0299fca03424	147a36f0b8c8cb034fcdd85e31c2f2b5f03bc2bcd15121a91b41ad2c55831e5c	packets/G13-unsupported-RF-remote-image--macos-arm64--fresh--isometric.json	F02,F09
F09	a8d6583f2a820ce47e38a6bb03712624c3d7f7a04e4082361df1ffe937721b6a	eabfee9d824163853fc93450cba2ed886d1ff48d48b553b999d26993fa25fbaa	packets/G13-unsupported-RF-remote-image--macos-arm64--fresh--tensorcash.json	F02,F09
F09	e47b7cd952996f5260a07c74d00bc44c0cd189230546af46d1b7184816bb1f3f	93fc727117074f2cd6a788eb2acf960e8b6d5023d3a1ac214f7c363a14ce5973	packets/G13-unsupported-RF-text--macos-arm64--existing--isometric.json	F02,F09
F09	90c4ea15bc64c62a35899ec039862e91aca95bfbfaa0434764dbfb65f2bce9a1	f419c2768aa60b80478e70dedd3e95e1799e7b2db1acf0c94a999ec784adbfc9	packets/G13-unsupported-RF-text--macos-arm64--existing--tensorcash.json	F02,F09
F09	a9d2fe1f9618eaf8671a414b6b0db5a99edea2ff0f16c70ab9bfe3374bd7c08c	a10862ae714ce9a69c79a0130d07c5273e994a5c420387a6da5001ada2034272	packets/G13-unsupported-RF-text--macos-arm64--fresh--isometric.json	F02,F09
F09	f93764cf95ae239120915aa933b187173607d4f5e3a99af53400fe2e0c13fb57	c9c3df49abf30cbcc68d40d493c3a0eaa76f6b0491eb6206caff3395fc1701e6	packets/G13-unsupported-RF-text--macos-arm64--fresh--tensorcash.json	F02,F09
F09	fdb57a0e478c8738962050ce0c83d9284ed3355de4c7e5995d2e1d6bd695d698	97a3eaf87c1c8444e314ad281153bc478281aabe9f82a39e164ab15d8665f138	packets/G14-active--macos-arm64--existing--isometric.json	F09
F09	6c723c2e9cd3ef2bb2937f45d2be437352dfcbf5fe2335aeeb6454ada1f5b240	1bfdbaeda6a2adc7033e3aac74c5e7763f09a632345cc229ffae78eba660b085	packets/G14-active--macos-arm64--existing--tensorcash.json	F09
F09	4a59e464cf97a12a5880cf97128045ae0572d305607424d62bb0ada843ed6563	b11806b0a8e2cbc2026ad0d7c7b9fd847da4828d464852c1db89012748d9e58e	packets/G14-active--macos-arm64--fresh--isometric.json	F09
F09	e2c9b2258a45dce8407a86e3ec97fb638294bb62c4f8baa3e90666c077548ae2	5f543e02f1b7878bcb21d7ebc78c4d816a81e6bf5e10375a1187e4cd7f4326f2	packets/G14-active--macos-arm64--fresh--tensorcash.json	F09
F09	e1549a2d3fe0a34e0a3d2848d169dd796d1a2ffe6dca922e0cac72b0d6b9cd60	169773bc10cf0b33c1835e0535b17ec7c8ca7c2842c7d96fc335cbfe81b8f9ae	packets/G14-queued--macos-arm64--existing--isometric.json	F09
F09	108f496bd9fb66d0dc2671c061139c3734cda40a844d6a2fa003549ab4090be6	53ac5a920af11c6608e8c50b5779ff5cc84d71606249ce138b8717feda4b937c	packets/G14-queued--macos-arm64--existing--tensorcash.json	F09
F09	79d5eaf6188e336e84b41f7f207c06d484283c8d9bd95044029ff67301436342	a3570a4c66f25f205a58e2adc2d0f2a61c3857f907369c0c02d2be4a66e2784c	packets/G14-queued--macos-arm64--fresh--isometric.json	F09
F09	4d072cea0b52e00e975f20ce5bb70740c54f6a89e16c2e64e2a88716e6ad9d1e	b058758cc104e414f298abec70c2d1eb92dece229384d16289c12ea68c8dc63e	packets/G14-queued--macos-arm64--fresh--tensorcash.json	F09
