projected_case	sha256	harness_relative_packet_path	all_mapped_cases
F05	6e11de16c9c42b31412bd09c7fd6897d16fa513009b622ac36d6ddfe01b4c46f	normalized/packets/G05-allow--macos-arm64--existing--isometric.json	F05
F05	cbe3846211bec7a9170cae9ea63f9611df87905d1335c306ab749ec984d6149b	normalized/packets/G05-allow--macos-arm64--existing--tensorcash.json	F05
F05	60c81d652133469a83548d34f99e87347de280bad4584a90a5721e6c89e1c808	normalized/packets/G05-allow--macos-arm64--fresh--isometric.json	F05
F05	0b50fa399dd1b62b088cb257138332f6d0ce701d8c0b0249c295d8ffdccfcf19	normalized/packets/G05-allow--macos-arm64--fresh--tensorcash.json	F05
F05	aecf5e2811857bae0f3e202233f5a04878cf876caeec6f578b0c2a904180bab2	normalized/packets/G05-deny--macos-arm64--existing--isometric.json	F05
F05	b749d15e8aa57f2497aba4eb90676c3d5f5eec5841afd08419edb354742c99e8	normalized/packets/G05-deny--macos-arm64--existing--tensorcash.json	F05
F05	ae69e3b44c62891d9e85e63d8f38957559f82789c94ff855a04000e0329168ad	normalized/packets/G05-deny--macos-arm64--fresh--isometric.json	F05
F05	2b4ad288f6c2bc2d430d3cfde86cb270ca5c365182c23bcac234f5edc7b8f8ff	normalized/packets/G05-deny--macos-arm64--fresh--tensorcash.json	F05
F06	6135cb1385762ad5698065ac50026bb05267063f5c12e37147457bc4af240c93	normalized/packets/G04-FR--macos-arm64--existing--isometric.json	F06
F06	547eec44823a43b688b6cb4aa2669526530f7ab82d3976a90f460c05fe18c56d	normalized/packets/G04-FR--macos-arm64--existing--tensorcash.json	F06
F06	f47c9513319ac325d4a2e3aa4f62f09623d0bbded7680fa0c8720f2d03f7560d	normalized/packets/G04-FR--macos-arm64--fresh--isometric.json	F06
F06	5c42fe9a65580915ac14a3bc4fabe5452a46244c890315da80b7d8e70da13c6c	normalized/packets/G04-FR--macos-arm64--fresh--tensorcash.json	F06
F06	0a36b58b7ec7780d38626a361b331fe8bf02cfa161284b08635c24e8606807fc	normalized/packets/G04-RF--macos-arm64--existing--isometric.json	F06
F06	2d9b669b8dddc239fa6f77cd3ad4a79a3b6a8b08985372e87d727c93fd1ee2b3	normalized/packets/G04-RF--macos-arm64--existing--tensorcash.json	F06
F06	5d41c10c7c6ef2695e05ecb140add600f9e3ba39d6d8838d89fcdf0ad39e50d2	normalized/packets/G04-RF--macos-arm64--fresh--isometric.json	F06
F06	a2ac233b1b7205520cf0c98151eed587603ffcf57adae958107773df3eb187a8	normalized/packets/G04-RF--macos-arm64--fresh--tensorcash.json	F06
F07	c61193edc36984fa809b69482248671a5dc4149fc53be407297580028b51642c	normalized/packets/G06-FRF--macos-arm64--existing--isometric.json	F07
F07	9479f2fb7f05b0c089ff5c697787b006fd7e31cde8c294b80caf5fcee24bf849	normalized/packets/G06-FRF--macos-arm64--existing--tensorcash.json	F07
F07	052f863cd377ba7268d394b1a8b57184f34d2337c8938a0a52820b787000cc21	normalized/packets/G06-FRF--macos-arm64--fresh--isometric.json	F07
F07	4cad770b8b0ea08b5e9cbb7394217db3c33e714df0d319609e2843486f13616a	normalized/packets/G06-FRF--macos-arm64--fresh--tensorcash.json	F07
F07	8a3289570b979ce49d85e1d6186972cd9f00ba58c51d433de6317dbfbd093293	normalized/packets/G06-RFR--macos-arm64--existing--isometric.json	F07
F07	65a319ffd083f61556dd7fe742252c7e8ba805c7cfc5c4f7ae83116fd88366fe	normalized/packets/G06-RFR--macos-arm64--existing--tensorcash.json	F07
F07	08bf17ef531d2cc49c761a12e0e1440cceebbc6a418047d7c20de211c21c932b	normalized/packets/G06-RFR--macos-arm64--fresh--isometric.json	F07
F07	55d5bdc06881a2b901c2248b1ebe069c85342884cabef64dc2f664059273591c	normalized/packets/G06-RFR--macos-arm64--fresh--tensorcash.json	F07
F07	26a11bff53fcc4495cb2dbc2a86d259b3fb3f8237f69ffd9bfab7dbe56dd8a99	normalized/packets/G17-old-id--macos-arm64--existing--isometric.json	F07,F10
F07	abc42fa8ee536202d8a9d96246475b8d443cb8dbc488544acc5079694d89d93e	normalized/packets/G17-old-id--macos-arm64--existing--tensorcash.json	F07,F10
F07	842f34a340b68482afeb9cd95d7b0837e5ca54a84147a1db92b2236454d0b33f	normalized/packets/G17-old-id--macos-arm64--fresh--isometric.json	F07,F10
F07	49f256b0a2bff6c562e86d291fd6127be6560c95d6c8cdc0996b7b7f98dcf41b	normalized/packets/G17-old-id--macos-arm64--fresh--tensorcash.json	F07,F10
F07	d44fea9e9176d3f5da7ac6d65eeb1c5b18f4301c586ae68923015e044d63cfff	normalized/packets/G17-other-thread--macos-arm64--existing--isometric.json	F07,F10
F07	e22e283fb28ab1a3d8246e78fa73bc18bff89b1a74c724799d7a5a5d1bb89300	normalized/packets/G17-other-thread--macos-arm64--existing--tensorcash.json	F07,F10
F07	a1b73e24bf64590a2d0913ace5ba0e73da3bac867dc3184f4dc428117a9387c1	normalized/packets/G17-other-thread--macos-arm64--fresh--isometric.json	F07,F10
F07	3229d5b7becfd347d6272105c233b44e94e7540e3051e62d76a86652c439425c	normalized/packets/G17-other-thread--macos-arm64--fresh--tensorcash.json	F07,F10
F08	0455cc8bb7891756e9a58d0cc13e9bc6e0556a556f25e1af45ac94c51ae34559	normalized/packets/G07-F--macos-arm64--existing--isometric.json	F08
F08	05845f83be11e19e870c87b2924ba69842ad2788064eae8ca899848d635a249f	normalized/packets/G07-F--macos-arm64--existing--tensorcash.json	F08
F08	af71cc6d8814cf3859eecc81cc416a234faa71f3ec25f576a67cac97a52dbf7a	normalized/packets/G07-F--macos-arm64--fresh--isometric.json	F08
F08	3e732b68db9d5d10d980de5ae034271b2c48a2f9b1dfb63d84f9c8de33241b26	normalized/packets/G07-F--macos-arm64--fresh--tensorcash.json	F08
F08	96aff8d87ab96a9618e6bc8e4633a69fe311bedfd1ceaf549c3d5c3b43f38a01	normalized/packets/G07-R--macos-arm64--existing--isometric.json	F08
F08	dd0d41a8eaf39479b42ec260db5a873d40a6007c7b1c725d761af5e372727055	normalized/packets/G07-R--macos-arm64--existing--tensorcash.json	F08
F08	e1e535ebb10e2849af62fa9ff4da05a6b029859655e9c5d6240ca4ee8b27a965	normalized/packets/G07-R--macos-arm64--fresh--isometric.json	F08
F08	623e20e380ec5db45a21d4ca94a3a447bd9216d5b803a4952ad70d1332ded0af	normalized/packets/G07-R--macos-arm64--fresh--tensorcash.json	F08
F08	223461fb6aab5cfb27daf927175de8140dcd149016936a1fa4a8ea93c4f51515	normalized/packets/G08-failed-FR--macos-arm64--existing--isometric.json	F08,F10
F08	53d8e6b11e4575178161e7e006fcee7d3418889084142fe3390b57f3fe778a62	normalized/packets/G08-failed-FR--macos-arm64--existing--tensorcash.json	F08,F10
F08	265b19ba7c8c7ddfb743ab55f1aea7664fa0575095c1f9196d5d25a8f5ebbd82	normalized/packets/G08-failed-FR--macos-arm64--fresh--isometric.json	F08,F10
F08	dc26f02ae9760d0f25d5351ca7a22a0aacaa6e87e2fa08c4f07fd2d2aae838d6	normalized/packets/G08-failed-FR--macos-arm64--fresh--tensorcash.json	F08,F10
F08	bd7be0a864ed4a91785637279334562a49cfe67e3411337b9c422b16ca4c0590	normalized/packets/G08-failed-RF--macos-arm64--existing--isometric.json	F08,F10
F08	bf25e8d606ab78d159dab34ce9971ad888d833a76890f1cb69c93d7766758109	normalized/packets/G08-failed-RF--macos-arm64--existing--tensorcash.json	F08,F10
F08	52520915b9bb433512abba2a9623d638f1f02c56731b9ba8d40d1955b5a0b085	normalized/packets/G08-failed-RF--macos-arm64--fresh--isometric.json	F08,F10
F08	d19c13e5d2585de345845e3b9f4d1d7053ff567ed180e23f627eaa2deb0ee66d	normalized/packets/G08-failed-RF--macos-arm64--fresh--tensorcash.json	F08,F10
F08	f4f52291013aee6c4c17d604b7e86ff3e914fb5a999aeb9c5eca99b7b7c0bf02	normalized/packets/G08-uncertain-FR--macos-arm64--existing--isometric.json	F08,F10
F08	01b1e974615c9cb14cc8d669ba1b4da554a704c6d9be97de428ebd00c7eb80b8	normalized/packets/G08-uncertain-FR--macos-arm64--existing--tensorcash.json	F08,F10
F08	aa22c0960a399ca12df85413dee2e3d47a7f202dcd7234872190620b4743b6d5	normalized/packets/G08-uncertain-FR--macos-arm64--fresh--isometric.json	F08,F10
F08	df970cc7936c05cb16a31158a01505f31207bcaf7823ccfcccab84f29355d321	normalized/packets/G08-uncertain-FR--macos-arm64--fresh--tensorcash.json	F08,F10
F08	5dadd278ae5dbc16a2ec13178eb8afd22ce0e2f0473f78d3cece408a5d3b7dd9	normalized/packets/G08-uncertain-RF--macos-arm64--existing--isometric.json	F08,F10
F08	76fd63f5a0479a2984d336224cac9af2603540ab962b06f43194cc027061307d	normalized/packets/G08-uncertain-RF--macos-arm64--existing--tensorcash.json	F08,F10
F08	c8681010ca2cba59965bd5cead67c10724062c53a7c74244d31b3b95ac402abc	normalized/packets/G08-uncertain-RF--macos-arm64--fresh--isometric.json	F08,F10
F08	4f8f85ed0d0998d3fcb86c51539b4a89ce84a8a03bcd135d2f8c3c125b8700f2	normalized/packets/G08-uncertain-RF--macos-arm64--fresh--tensorcash.json	F08,F10
F08	be69a2317e249c5cf38a1465f238eb456d85077f1dea5ca178547eb641731180	normalized/packets/G08-unsupported-empty-FR--macos-arm64--existing--isometric.json	F08,F10
F08	ca0d179d72a54e695b54fd5f4dfc06d2eaa06902207188390589aa6525c8e412	normalized/packets/G08-unsupported-empty-FR--macos-arm64--existing--tensorcash.json	F08,F10
F08	15347e3db6889af44788b15549f9fce3b7beed47dfe7739cf212fa48e7992419	normalized/packets/G08-unsupported-empty-FR--macos-arm64--fresh--isometric.json	F08,F10
F08	c2d2edbce597633b602c59628c7ed69df3206ea56cd6834426efd8e9f17f6370	normalized/packets/G08-unsupported-empty-FR--macos-arm64--fresh--tensorcash.json	F08,F10
F08	5a75750bd10ac86b5a73e28b9f0b0588844f820e65fb695d8851d729edd93a73	normalized/packets/G08-unsupported-empty-RF--macos-arm64--existing--isometric.json	F08,F10
F08	cda9c165901ada22f97f8cf75cbc2b394ce6f95e9a1c76f64b9da33b670d52c7	normalized/packets/G08-unsupported-empty-RF--macos-arm64--existing--tensorcash.json	F08,F10
F08	c4c46e7ed4bd0b24ae17189aee4215a38e3853ad2ad747c2355a05e5dc8f55ef	normalized/packets/G08-unsupported-empty-RF--macos-arm64--fresh--isometric.json	F08,F10
F08	87b4d9a6b46ebef5951b3f3855bce760b9f0560346b355721046b93310372987	normalized/packets/G08-unsupported-empty-RF--macos-arm64--fresh--tensorcash.json	F08,F10
F08	1bbe04fc5efd681aeae04bf18511bc13b2056d6747a1c2b82d7ca9e8b8def4bb	normalized/packets/G08-unsupported-method-FR--macos-arm64--existing--isometric.json	F08,F10
F08	51ff126f83f1fda783819a5a9e23724c0a827f8bb6b18d1d04d2ac37d7bcaeba	normalized/packets/G08-unsupported-method-FR--macos-arm64--existing--tensorcash.json	F08,F10
F08	fbd76f35ecef00b240c77ec3d46c3bf7ef94eb51942b63f172471e51fb50a1f6	normalized/packets/G08-unsupported-method-FR--macos-arm64--fresh--isometric.json	F08,F10
F08	702d6aaf91b385b3e7974e3a87ad0d474bfe208953d6f90fe77fbe8826718fab	normalized/packets/G08-unsupported-method-FR--macos-arm64--fresh--tensorcash.json	F08,F10
F08	a5a4f7cfaa5168e209d7933dda21f3feaca286ca08a295a78717adf3f4897886	normalized/packets/G08-unsupported-method-RF--macos-arm64--existing--isometric.json	F08,F10
F08	87b0d0e3f3491c74f03a06a7dbf95db9cb73c326668c5ce62c7ac4dc23b3dc89	normalized/packets/G08-unsupported-method-RF--macos-arm64--existing--tensorcash.json	F08,F10
F08	213731c74f993991d02e53b3211ec2367ba6fbdfe99ff63e8b953998f688598c	normalized/packets/G08-unsupported-method-RF--macos-arm64--fresh--isometric.json	F08,F10
F08	1ebf26f8b19d4b9a4b508e0d49ecbaddb7071308cb6a4151ae0ed3da1c52b732	normalized/packets/G08-unsupported-method-RF--macos-arm64--fresh--tensorcash.json	F08,F10
F09	4f3c51658bf44463f93acfc646b281aee6858f0a14d3462e0345369cc10d725c	normalized/packets/G03-FR--macos-arm64--existing--isometric.json	F04,F09
F09	7478936a621671be29cda6112e55e2706e698e2ba734d73fb433c2d22d4f0b7f	normalized/packets/G03-FR--macos-arm64--existing--tensorcash.json	F04,F09
F09	027a8ecb941b666e6f1a62a90e5e8dd6bfd4364db891a3f400d3f22d116a3851	normalized/packets/G03-FR--macos-arm64--fresh--isometric.json	F04,F09
F09	c4b7df390094d06ec739cab611f69cd2a2a30d239ebd39c01f4126316f61f9bc	normalized/packets/G03-FR--macos-arm64--fresh--tensorcash.json	F04,F09
F09	bc1ab90f830c81d3c760bec8c99efaa3ca79c316279d22aab1c155c1b44422e0	normalized/packets/G03-RF--macos-arm64--existing--isometric.json	F03,F09
F09	07d6b33429d3ac20484b169991db447efa9faa3ca86ecf64dcc4f57b1e65e8d1	normalized/packets/G03-RF--macos-arm64--existing--tensorcash.json	F03,F09
F09	c19dd30708e609bee29d5403217ec7a81f0bd9a65255cd4fbf831d2bc8c1ae2e	normalized/packets/G03-RF--macos-arm64--fresh--isometric.json	F03,F09
F09	c1334ca23767e459e8e950da5afcd7c4c4f51a297f16e6848518ae92290f4d33	normalized/packets/G03-RF--macos-arm64--fresh--tensorcash.json	F03,F09
F09	9549cbc647611d7ea7a85c5e56e6a2fb9b88ddf3d8953deefc85809cb3995a03	normalized/packets/G09-FR--macos-arm64--existing--isometric.json	F09
F09	c5390d42378b2987016461cf297587888d8000f96574e670284b19148f47e57c	normalized/packets/G09-FR--macos-arm64--existing--tensorcash.json	F09
F09	27ec9111070c39dbf2cda9fa9cb64b95ea7fc2b523c15f09f330d4123cac3af8	normalized/packets/G09-FR--macos-arm64--fresh--isometric.json	F09
F09	03b87fb1a5ddbd318dcc5ff2fed5361dfdb50f34f33336fec86a139d1b37dd33	normalized/packets/G09-FR--macos-arm64--fresh--tensorcash.json	F09
F09	35e5a7348d38f2b5994798ceb1734acffe56d469f47c420309cbcb1a8ea5f598	normalized/packets/G09-RF--macos-arm64--existing--isometric.json	F09
F09	11918fbd697a9d262525525c00356fd208295da961ae3b88bbbae0b00bf450a8	normalized/packets/G09-RF--macos-arm64--existing--tensorcash.json	F09
F09	bcd3233acefdbd8aa4ece71a8485d11fc49f6ce4d8b878a226514b7f1475bd0b	normalized/packets/G09-RF--macos-arm64--fresh--isometric.json	F09
F09	7cc8ebc8024fd1146da91ef2c574964c9f31d852e82b05782131a7b49ca59285	normalized/packets/G09-RF--macos-arm64--fresh--tensorcash.json	F09
F09	a35726edd46b047512da8ee160a06665a0e00ddd3c04376622a0369b25412970	normalized/packets/G10-FR-new--macos-arm64--existing--isometric.json	F09
F09	a9254cabe4e81f23af34e8e7fdf6d059a9b4c1c5ae1ea7b98bd5e5da5f89db72	normalized/packets/G10-FR-new--macos-arm64--existing--tensorcash.json	F09
F09	5b0b4e4f007cb719fbfdd80b3c5eb81afb4b19ab37282c86f7bb2adeac19b533	normalized/packets/G10-FR-new--macos-arm64--existing-named--isometric.json	F09
F09	d3244256a0ddae84e2f3563241bccbc2a845cea34b1c37c9317e69825e0d0d5c	normalized/packets/G10-FR-new--macos-arm64--existing-named--tensorcash.json	F09
F09	404ab7120c0ff78c5eedc6297abc6d000a271a0a0149fd411639932b115e4f1d	normalized/packets/G10-FR-new--macos-arm64--fresh--isometric.json	F09
F09	5ef7a11e45a560f677e72d2c84078f30ec708d5fb44614848edb04de71642e07	normalized/packets/G10-FR-new--macos-arm64--fresh--tensorcash.json	F09
F09	41849a716fa83093b4280e3661c79a44fc06cafc3cc42fb00ef65fdac78dda27	normalized/packets/G10-RF-new--macos-arm64--existing--isometric.json	F09
F09	3996f8cbaaf6b6c5317721e520eac8d7aeb18d4b9231783caf1866ebd347713c	normalized/packets/G10-RF-new--macos-arm64--existing--tensorcash.json	F09
F09	4adee312ab76140d891bfda0fec5f19438ae15ea395592049db39909b002a238	normalized/packets/G10-RF-new--macos-arm64--existing-named--isometric.json	F09
F09	56ced16fba51fd700f4aac442bcfe69e99eeef4591b6c8a3ea3612c527bc6d7e	normalized/packets/G10-RF-new--macos-arm64--existing-named--tensorcash.json	F09
F09	f493a6c7491534f39f326763d47dbb343de40ac08fe4ad0db60ec3ebcdc109f6	normalized/packets/G10-RF-new--macos-arm64--fresh--isometric.json	F09
F09	9b836c91edda61b1a8b74d4276a1390b45f74728214cef5cd4a49abb3c62426b	normalized/packets/G10-RF-new--macos-arm64--fresh--tensorcash.json	F09
F09	aa132ee963ab885591298e02db53e2b28af41bf9864236b2348afbc9899115b4	normalized/packets/G11-FR-start--macos-arm64--existing--isometric.json	F09
F09	b71740766a4123c46abb9fa3b04b7da11ca6848230fc0b2a2870f72c84756430	normalized/packets/G11-FR-start--macos-arm64--existing--tensorcash.json	F09
F09	d08af1f2fcc0b45666f2bf88b22ba155f486b800e59e3eb5d757e9497e4d818b	normalized/packets/G11-FR-start--macos-arm64--existing-named--isometric.json	F09
F09	1ff43770864cdc89849fb8cd3e47751b14462e6e88ca90b6555e1478a0cab7ed	normalized/packets/G11-FR-start--macos-arm64--existing-named--tensorcash.json	F09
F09	0563a144d9d2c743eedcdd10a9114dc8f9f0c004784de57ec375f7cc86e4b0bf	normalized/packets/G11-FR-start--macos-arm64--fresh--isometric.json	F09
F09	8a5af6f336d3449d8c442d1832cde19139ca83262b2c46da920fedd82f793583	normalized/packets/G11-FR-start--macos-arm64--fresh--tensorcash.json	F09
F09	5b505d7854b01f5c61736853879fefb2ae32d6f6b97e2379b75a3cc7f0e16417	normalized/packets/G11-RF-start--macos-arm64--existing--isometric.json	F09
F09	04f0994a698876b2fef2f8ba0602887dbbafbe1dfda2b9c6d47ef4d40112eb3d	normalized/packets/G11-RF-start--macos-arm64--existing--tensorcash.json	F09
F09	67750dac3915868fe42cd80cc803924044104104ef15109fe23932515eb8f145	normalized/packets/G11-RF-start--macos-arm64--existing-named--isometric.json	F09
F09	2cbf863712f18ab2dc8bf99ed31debc0e49ac023df12604b89422c72c6866d50	normalized/packets/G11-RF-start--macos-arm64--existing-named--tensorcash.json	F09
F09	04179b27297d007312fa1219d8e57c760c674761246fcd515c141f08113d4305	normalized/packets/G11-RF-start--macos-arm64--fresh--isometric.json	F09
F09	2c1ce3f2e95a3e1b62b2ca808b9bc9a4ea72f0e0e262385c407b5d335fc200f0	normalized/packets/G11-RF-start--macos-arm64--fresh--tensorcash.json	F09
F09	2bada81ea60c379c92ec74e5893b6bb8c55c15044d62c4b920d5962a48d3f86f	normalized/packets/G12-applied-observation-first--macos-arm64--existing--isometric.json	F02,F09
F09	082fb99512098336f73cf358bd50ea6b9889aa5420c535dddf4802576f4110ec	normalized/packets/G12-applied-observation-first--macos-arm64--existing--tensorcash.json	F02,F09
F09	e960025a5c676d5305fb7031e1549a7bb1c184d4fe5e949666f4277bdb4ab40d	normalized/packets/G12-applied-observation-first--macos-arm64--fresh--isometric.json	F02,F09
F09	633851bafa359faac32dabdaaa716d203e7177e8747ae164cbedac85390c339e	normalized/packets/G12-applied-observation-first--macos-arm64--fresh--tensorcash.json	F02,F09
F09	4e6d4077c4911195ea6e0299aa0ac79405013f9fc92697b5fba4e8c9b6e2da49	normalized/packets/G12-applied-reply-first--macos-arm64--existing--isometric.json	F02,F09
F09	310561ca155bd2cbfcbf8349509fb0890a1fbacc56ad8757fdca3bcd68d9b11f	normalized/packets/G12-applied-reply-first--macos-arm64--existing--tensorcash.json	F02,F09
F09	e52aa74a948c2706a4d7f112b884619aaf2f2a16774d40d177a587a53080ccd1	normalized/packets/G12-applied-reply-first--macos-arm64--fresh--isometric.json	F02,F09
F09	2e8dddd64eeb506bc3da8b6686919f0b3c342acb5aed70533290a1ef36bffc4a	normalized/packets/G12-applied-reply-first--macos-arm64--fresh--tensorcash.json	F02,F09
F09	427b1d74ef6e194325dd408e6759f488a60232859e19dcf54b663cd0438cf25b	normalized/packets/G13-failed-FR-local-image--macos-arm64--existing--isometric.json	F02,F09
F09	7fa71a1c9e30d000c63421b4f90212820274a563f4d92cf021e2f2352d08f6c2	normalized/packets/G13-failed-FR-local-image--macos-arm64--existing--tensorcash.json	F02,F09
F09	254db569c6da7a19908f3044047f28cd3261cd5c45b2e98f6bada216d0d4745f	normalized/packets/G13-failed-FR-local-image--macos-arm64--fresh--isometric.json	F02,F09
F09	85d3c39bc418cff400a6179b35e906d17574546dfe245906437667d888c205d2	normalized/packets/G13-failed-FR-local-image--macos-arm64--fresh--tensorcash.json	F02,F09
F09	3ca141c418b86aa9e6ef4dc68f4a8cd0bc9d0c76d461794b7d3ee4aaf3c4e03a	normalized/packets/G13-failed-FR-mention--macos-arm64--existing--isometric.json	F02,F09
F09	d600798e8f4db6226ee269cecc4ff14bf9a919f93cbe7f98b7c2ed9acd262a23	normalized/packets/G13-failed-FR-mention--macos-arm64--existing--tensorcash.json	F02,F09
F09	d15757ab20cc9154a81707290415a7a15cb665443530b1b5069f69a806846461	normalized/packets/G13-failed-FR-mention--macos-arm64--fresh--isometric.json	F02,F09
F09	a80b89c66ddde8239bdf1df3a2643d52e1b7c02f6774947e1c7db63452a41d36	normalized/packets/G13-failed-FR-mention--macos-arm64--fresh--tensorcash.json	F02,F09
F09	72e30e2aa2b261f05dc35d8683af0c34eafad4c2d388e9e5bb7117137227e125	normalized/packets/G13-failed-FR-pending-paste--macos-arm64--existing--isometric.json	F02,F09
F09	8fb248d3117a8ea4131f31595233ab7c3213aca74ad3dd04a8049fe5595139b7	normalized/packets/G13-failed-FR-pending-paste--macos-arm64--existing--tensorcash.json	F02,F09
F09	e46bfd1eff75d9623940e1d8ecb82502e02a525d6c8217d05f58cfddf0542b58	normalized/packets/G13-failed-FR-pending-paste--macos-arm64--fresh--isometric.json	F02,F09
F09	e2f34fdafcdfdb0390df82e587e645c445c3a35e8043a9c3ef7310bcdb803d88	normalized/packets/G13-failed-FR-pending-paste--macos-arm64--fresh--tensorcash.json	F02,F09
F09	a861e27ecae856251b963d7d3c654ad6d3e92e46fba9114d221245b49571f078	normalized/packets/G13-failed-FR-remote-image--macos-arm64--existing--isometric.json	F02,F09
F09	76629a7948ed6d8f571f5b9bbb24915ece59f81e0a3d9a452453aa4998b71326	normalized/packets/G13-failed-FR-remote-image--macos-arm64--existing--tensorcash.json	F02,F09
F09	46404aca26e2f1d59c0e77fcbdba0da219f0d94827ddaf9b451bc2abcd5664d0	normalized/packets/G13-failed-FR-remote-image--macos-arm64--fresh--isometric.json	F02,F09
F09	bd0a66e942a9d1179b774dccfdabda28b7116be431675ccb02f4adb348091b6e	normalized/packets/G13-failed-FR-remote-image--macos-arm64--fresh--tensorcash.json	F02,F09
F09	eef5fbd5ea31fde873c42ad30b7ae66f1cb5658fa7abedaf3b6e9a2df0bee4e5	normalized/packets/G13-failed-FR-text--macos-arm64--existing--isometric.json	F02,F09
F09	56ad5c89d9bfe0204f95a94e98eb5cbccf42087c90d9af992c9433015bcb7d93	normalized/packets/G13-failed-FR-text--macos-arm64--existing--tensorcash.json	F02,F09
F09	861d9dc7d66fa12b34128d899e9b14401161bc1f40356b574113f0fdeefe455b	normalized/packets/G13-failed-FR-text--macos-arm64--fresh--isometric.json	F02,F09
F09	39907ff3cea37f183de932317295336e504d3f8470f43b54bbc98c3dadb11aef	normalized/packets/G13-failed-FR-text--macos-arm64--fresh--tensorcash.json	F02,F09
F09	76379b33115e74e5d9205e331d3a318533bbf76bd3f2c7b7d70c487fd0385b4c	normalized/packets/G13-failed-RF-local-image--macos-arm64--existing--isometric.json	F02,F09
F09	17a60910f2f5ff95411ab4b804bfcac3c946546ed6733f063ea136303ef82777	normalized/packets/G13-failed-RF-local-image--macos-arm64--existing--tensorcash.json	F02,F09
F09	eece6d1797d0ce8e0a8d6ba8c276984014f37c032e19c0a668c3913026f310d5	normalized/packets/G13-failed-RF-local-image--macos-arm64--fresh--isometric.json	F02,F09
F09	8071c13e2d74e3c476be6a3f0f3c700e87b88c8ff482b3279d24e83fccb15dca	normalized/packets/G13-failed-RF-local-image--macos-arm64--fresh--tensorcash.json	F02,F09
F09	b8774c68f2c95809f71f58a76213010b8b672d0dee3698946cc3533ae9f46145	normalized/packets/G13-failed-RF-mention--macos-arm64--existing--isometric.json	F02,F09
F09	2ea4fe418b530595c3d488a5293d38f8e287673f922265fa986c5491140ea98a	normalized/packets/G13-failed-RF-mention--macos-arm64--existing--tensorcash.json	F02,F09
F09	64fe00e2d21adb675bc1a7bd573a9b913e178a990e80ea28971b57fb38f148cf	normalized/packets/G13-failed-RF-mention--macos-arm64--fresh--isometric.json	F02,F09
F09	4881df3cbf05d577659149ddccdc84f166d2e31f00f37a7db99ab8351624fdf6	normalized/packets/G13-failed-RF-mention--macos-arm64--fresh--tensorcash.json	F02,F09
F09	d85107711daa62d57374fb2a565b765731bc233c93410b5b77000a8ad8c08d3e	normalized/packets/G13-failed-RF-pending-paste--macos-arm64--existing--isometric.json	F02,F09
F09	60992ba0af0ecc8a30461dcd63bc93432cc520370fb3d556eb4fb5c2f26008e0	normalized/packets/G13-failed-RF-pending-paste--macos-arm64--existing--tensorcash.json	F02,F09
F09	48d322c40054a405dcead8b04d40f7b54e0f65e0917a4aec25e224f183f1c160	normalized/packets/G13-failed-RF-pending-paste--macos-arm64--fresh--isometric.json	F02,F09
F09	7e4cbcdae337923297229b6bd0d56cc36e51b8f02d786bebc236f6d40bedb67c	normalized/packets/G13-failed-RF-pending-paste--macos-arm64--fresh--tensorcash.json	F02,F09
F09	3850e55326a8f483da003eaae90c3f130aafe44c176fc673bf841d8e28d0fdc9	normalized/packets/G13-failed-RF-remote-image--macos-arm64--existing--isometric.json	F02,F09
F09	bfccfc1e1783e1480581b9fec86dd78af4106718c4b9d5d4e188973c6cf8c830	normalized/packets/G13-failed-RF-remote-image--macos-arm64--existing--tensorcash.json	F02,F09
F09	0afe49f670e4328ea2045b9b613f2e44f5d0ed3e274d29cd14ba7353449f6ea2	normalized/packets/G13-failed-RF-remote-image--macos-arm64--fresh--isometric.json	F02,F09
F09	99414a7325f70bf0c17d4125aaa50e122e301fbee17a3e7a5df07d60cac0460b	normalized/packets/G13-failed-RF-remote-image--macos-arm64--fresh--tensorcash.json	F02,F09
F09	03fe6082bd31b8fdb55c5d3656f021d645dc4d57434ee72cf5ee317d2c2c1f2d	normalized/packets/G13-failed-RF-text--macos-arm64--existing--isometric.json	F02,F09
F09	7d847518555dbc87d18e8a4a696759450aaa37031422586f69cd796cc761581b	normalized/packets/G13-failed-RF-text--macos-arm64--existing--tensorcash.json	F02,F09
F09	f0414a5ba674a66a50253a5b59755c1a01752bc52e50a6ea4546b124059978fa	normalized/packets/G13-failed-RF-text--macos-arm64--fresh--isometric.json	F02,F09
F09	0c3a4fdaf2beee010964b27fc88e04a2147d81aa022ae20ff27923e34ad8cd19	normalized/packets/G13-failed-RF-text--macos-arm64--fresh--tensorcash.json	F02,F09
F09	0225dd9d0007a80eb5f013068264f2f12fbcf296275b37226fb633000a35e704	normalized/packets/G13-superseded-FR-local-image--macos-arm64--existing--isometric.json	F02,F09
F09	72ba4ce2d35ad7732045e368fdc5b7054ee4b4ebb972d312215648f1768adb08	normalized/packets/G13-superseded-FR-local-image--macos-arm64--existing--tensorcash.json	F02,F09
F09	637a7fb6a753c987ac092d22a8ebd308be8b621fcc05eb00f8c8acc3b4c70e71	normalized/packets/G13-superseded-FR-local-image--macos-arm64--fresh--isometric.json	F02,F09
F09	b408a6e714a3e4a33421c25c5bc779531c2db8624a0c548afe42e16416498cfa	normalized/packets/G13-superseded-FR-local-image--macos-arm64--fresh--tensorcash.json	F02,F09
F09	6d564c32a1f595746906f7a4572a69ab04506a89d083d2c93ba7d2444018ebb8	normalized/packets/G13-superseded-FR-mention--macos-arm64--existing--isometric.json	F02,F09
F09	c323ee2d53fb7d8a1f6a1eccf43e4e3d8724bca762d01b12c18f49fbae375ba1	normalized/packets/G13-superseded-FR-mention--macos-arm64--existing--tensorcash.json	F02,F09
F09	5744b7fa3f9b8b9f9c5386d6c17bae71baf91a7a6ca52e33f85d61725a8147dc	normalized/packets/G13-superseded-FR-mention--macos-arm64--fresh--isometric.json	F02,F09
F09	8503e16e9d636eaa50c81451ee3fe247c2204c26542bebd804be364e41338e36	normalized/packets/G13-superseded-FR-mention--macos-arm64--fresh--tensorcash.json	F02,F09
F09	9df1ad5b875f9541fe6f175cd16c4933dfb6f12e72cf0d316267030907c22b31	normalized/packets/G13-superseded-FR-pending-paste--macos-arm64--existing--isometric.json	F02,F09
F09	5030d0a3152f5acee4c3af1187eb4dc91ca02460e4c0406061459ca9f78f43e3	normalized/packets/G13-superseded-FR-pending-paste--macos-arm64--existing--tensorcash.json	F02,F09
F09	272955186cd09bd7ec57e3d98c65dce8483194570ec4e9bcba15c2a1b1e8b439	normalized/packets/G13-superseded-FR-pending-paste--macos-arm64--fresh--isometric.json	F02,F09
F09	b06e4bbf0753ecd177debf8d26260768c12dbda41e5d311f5aa65a094d2e0b35	normalized/packets/G13-superseded-FR-pending-paste--macos-arm64--fresh--tensorcash.json	F02,F09
F09	4816bf6bdb56cb34ab9c2dc7fd7a807317b44cb962e8fa38e4758f78ba62f537	normalized/packets/G13-superseded-FR-remote-image--macos-arm64--existing--isometric.json	F02,F09
F09	9582eb689a1b283471e4715b339e22451772251677030b65ab582574cc8f6b82	normalized/packets/G13-superseded-FR-remote-image--macos-arm64--existing--tensorcash.json	F02,F09
F09	9189eeb9689be543528fe4c00fecf88c8c45750983021c7156431eae7aa022b7	normalized/packets/G13-superseded-FR-remote-image--macos-arm64--fresh--isometric.json	F02,F09
F09	449b2ddc25965ece4bf7ec56da778f45d1d657d309deb7a2fe939924448d0cf9	normalized/packets/G13-superseded-FR-remote-image--macos-arm64--fresh--tensorcash.json	F02,F09
F09	2d28cb05d6ef390dee803c5abe5bfc7936830b7ee619086309c1891026e182ef	normalized/packets/G13-superseded-FR-text--macos-arm64--existing--isometric.json	F02,F09
F09	e5df24f1c0b8efe1764f60bda16545aebb1b846ff80a3852f570f7671fe9719b	normalized/packets/G13-superseded-FR-text--macos-arm64--existing--tensorcash.json	F02,F09
F09	2fb09f9890e346758a64011686fc5877715f8ecadda1dc6db10a3850ee024004	normalized/packets/G13-superseded-FR-text--macos-arm64--fresh--isometric.json	F02,F09
F09	460c1dfecbe38fd5031d631d872b77e4c90620ddf527505dfe87f7a8ad29b84b	normalized/packets/G13-superseded-FR-text--macos-arm64--fresh--tensorcash.json	F02,F09
F09	d6cf8019189c4bcfc5b23bdb05730784a178e9c021429962321283b4e18064f6	normalized/packets/G13-superseded-RF-local-image--macos-arm64--existing--isometric.json	F02,F09
F09	6c1bcbeca402b30a4ac461908b83925e670bef5dbd8961b7e39cfcfe24bb518c	normalized/packets/G13-superseded-RF-local-image--macos-arm64--existing--tensorcash.json	F02,F09
F09	877b0aa738f226b8c323eaa4989e3c269cf42cdaf0f54b67f8fe21726e6c38e6	normalized/packets/G13-superseded-RF-local-image--macos-arm64--fresh--isometric.json	F02,F09
F09	1f5d1999e2ed2e40e06b1de92af9c85727af9938183bdd4d6a0078a10fd4ed8c	normalized/packets/G13-superseded-RF-local-image--macos-arm64--fresh--tensorcash.json	F02,F09
F09	f4d7d3ad41e075f44c3b7499e0c7c1ed2533b5aa550ebd4579926cc6c974e934	normalized/packets/G13-superseded-RF-mention--macos-arm64--existing--isometric.json	F02,F09
F09	3ee6e265af4ebed08fdf2090c70bf5233e4e3157c305f4f9d078738dcf3c2691	normalized/packets/G13-superseded-RF-mention--macos-arm64--existing--tensorcash.json	F02,F09
F09	c8d3dbb4e8f0ee8d37282aac1e0da69c9c15bd56e1ed30d18a9a102ab2ee207f	normalized/packets/G13-superseded-RF-mention--macos-arm64--fresh--isometric.json	F02,F09
F09	74e62616a18c4bcd236314a74a070f0504dcd7801b6d6eff06f5740e6b9506bb	normalized/packets/G13-superseded-RF-mention--macos-arm64--fresh--tensorcash.json	F02,F09
F09	f5a4653019d3d72ad23a73b26173c308bc5123ce4f9e3c3092d8fa68ff315a15	normalized/packets/G13-superseded-RF-pending-paste--macos-arm64--existing--isometric.json	F02,F09
F09	57cc04f2b349d4d82ce5724bb6424f0da85de5677fffd7745f51414e205d9cfc	normalized/packets/G13-superseded-RF-pending-paste--macos-arm64--existing--tensorcash.json	F02,F09
F09	294e85e7cbdaf1c545b0664ec30cb01be0f91519dd2abf6012ca00b2e845e507	normalized/packets/G13-superseded-RF-pending-paste--macos-arm64--fresh--isometric.json	F02,F09
F09	c61199c2f7fac4b2c5d0c52afc4e03962dbb7f4b1434f3621f1fb11316fb18f5	normalized/packets/G13-superseded-RF-pending-paste--macos-arm64--fresh--tensorcash.json	F02,F09
F09	f478a729ffc8578c46bc765c55d2e6ea1480efee8e9667299f2f28efc972b779	normalized/packets/G13-superseded-RF-remote-image--macos-arm64--existing--isometric.json	F02,F09
F09	2f77a9d68603cbd02a344e21eb3ea832945f7126eccff719bf70a50e7a778794	normalized/packets/G13-superseded-RF-remote-image--macos-arm64--existing--tensorcash.json	F02,F09
F09	c73b344d8d4ebb2e771d58ac9e53e0a1ffbd710641ca3a1018e176bc528c1d8e	normalized/packets/G13-superseded-RF-remote-image--macos-arm64--fresh--isometric.json	F02,F09
F09	8fce00567461a8a63db0066635025420d5e9bf7130a3ac81d84c0382e51275fb	normalized/packets/G13-superseded-RF-remote-image--macos-arm64--fresh--tensorcash.json	F02,F09
F09	69efe8230089cf7a521cdab5c8f2003d7917c75a92d15a1c3965ff759870899d	normalized/packets/G13-superseded-RF-text--macos-arm64--existing--isometric.json	F02,F09
F09	475d4732959f64bf3031509544c68f5e4b967619834f073f0511b75eb4b124fb	normalized/packets/G13-superseded-RF-text--macos-arm64--existing--tensorcash.json	F02,F09
F09	4d085abcece518a4aed87450c096caadd33d1a1007c3b303a0a7a6db18edcc27	normalized/packets/G13-superseded-RF-text--macos-arm64--fresh--isometric.json	F02,F09
F09	76620eb77ff4e49bfc27681aee4ef013f8bd941cbc84487fd200ebc4c0f2c2f6	normalized/packets/G13-superseded-RF-text--macos-arm64--fresh--tensorcash.json	F02,F09
F09	5c54fd0c656b6bc9e724010b20c0c745e754d41ce1e1bdc0e11668ae60786c75	normalized/packets/G13-uncertain-FR-local-image--macos-arm64--existing--isometric.json	F02,F09
F09	afec38c87f1c98e405a3d585c1b85462f3841c630decbd0d5c714f4cf20c2942	normalized/packets/G13-uncertain-FR-local-image--macos-arm64--existing--tensorcash.json	F02,F09
F09	7d428383bcfc5b1f9dc8a2f85f3651d6be57e0c826a56f6ebd66854c3d148fa8	normalized/packets/G13-uncertain-FR-local-image--macos-arm64--fresh--isometric.json	F02,F09
F09	6c4cb852c9ba6cc17332d50a6ecb99ea9a6e3582f39f219b418a24052c3efa60	normalized/packets/G13-uncertain-FR-local-image--macos-arm64--fresh--tensorcash.json	F02,F09
F09	8988600de3394e7d598bf051e789fc603c4076e26fa9802934f64c9a7bc4244a	normalized/packets/G13-uncertain-FR-mention--macos-arm64--existing--isometric.json	F02,F09
F09	32e09183124bfd95d51138243b340f79c53b8ff57f53a47f50dffe338bb44330	normalized/packets/G13-uncertain-FR-mention--macos-arm64--existing--tensorcash.json	F02,F09
F09	366cce84b3f36f0ceb252b29370e5528fecadb1f3600c5d9141e6ddced488765	normalized/packets/G13-uncertain-FR-mention--macos-arm64--fresh--isometric.json	F02,F09
F09	620c4eed101164b1b200b702f61750e52dae84c575720ac1a937eb39793bdfd7	normalized/packets/G13-uncertain-FR-mention--macos-arm64--fresh--tensorcash.json	F02,F09
F09	22f6e6e6f185982de114676d7af70d12aebdeda4b6a756c0ed0240e73520a8c9	normalized/packets/G13-uncertain-FR-pending-paste--macos-arm64--existing--isometric.json	F02,F09
F09	e3fb0b53aa6c028085300fa768c10b4d5d13c9793f92c490741a13b2ebeb703a	normalized/packets/G13-uncertain-FR-pending-paste--macos-arm64--existing--tensorcash.json	F02,F09
F09	8e75e6fae2881b77de8023502e841e561deca7fbf79d882f6f488958c36e09b2	normalized/packets/G13-uncertain-FR-pending-paste--macos-arm64--fresh--isometric.json	F02,F09
F09	01d4899c8b4388dbbd54f758345d98c911f95a27fbe36599b036415df04cf728	normalized/packets/G13-uncertain-FR-pending-paste--macos-arm64--fresh--tensorcash.json	F02,F09
F09	62e8f2bf078e5863ce12b627bf00cb85555a94d03af1ef6a71693cc63599f032	normalized/packets/G13-uncertain-FR-remote-image--macos-arm64--existing--isometric.json	F02,F09
F09	faba3f02fc63bfcc52d0c4e4a10a2471896112e66d38c4ac17525cb492fa4a12	normalized/packets/G13-uncertain-FR-remote-image--macos-arm64--existing--tensorcash.json	F02,F09
F09	2603b51410454627016d98ba7ca09ad4e22e986e98309da31cb1ce7fee574c34	normalized/packets/G13-uncertain-FR-remote-image--macos-arm64--fresh--isometric.json	F02,F09
F09	a68e1b93678ce8fa6f1153a831af7c317ad7a3a088e82b2a6551920f41c202bc	normalized/packets/G13-uncertain-FR-remote-image--macos-arm64--fresh--tensorcash.json	F02,F09
F09	f36098560fb464359b3c9ee09dc686374038bd8a1a4510dcf89a017afd1bef8b	normalized/packets/G13-uncertain-FR-text--macos-arm64--existing--isometric.json	F02,F09
F09	16a40b533eee58dfe255234880a35cf23fed7f9d5bd5545a0983cd9e6fde7c14	normalized/packets/G13-uncertain-FR-text--macos-arm64--existing--tensorcash.json	F02,F09
F09	1a4406c168bf39e71a4623ab615184e60fd620bba5b4e8065258a3fb07053cf4	normalized/packets/G13-uncertain-FR-text--macos-arm64--fresh--isometric.json	F02,F09
F09	190718bdb2b35abfc638a914bf36e2601a1ed66ec0c00bb29845efdc062c5fa8	normalized/packets/G13-uncertain-FR-text--macos-arm64--fresh--tensorcash.json	F02,F09
F09	5a0c0a0044949429ca65332f2d5be99bab1554581f116ad397e731e011976193	normalized/packets/G13-uncertain-RF-local-image--macos-arm64--existing--isometric.json	F02,F09
F09	cef26617fe813ee9e92fa833ffe755c721ed4c659a6864758922d5a9b0d8f113	normalized/packets/G13-uncertain-RF-local-image--macos-arm64--existing--tensorcash.json	F02,F09
F09	c0e1b42787702a232b467b1af3f6e2dee5138e7a1dc8e7e015cca49bfcd151ad	normalized/packets/G13-uncertain-RF-local-image--macos-arm64--fresh--isometric.json	F02,F09
F09	a504046843ce015ebfd67394eac61ad964cd8d20fc553c294a1c5d720be79448	normalized/packets/G13-uncertain-RF-local-image--macos-arm64--fresh--tensorcash.json	F02,F09
F09	42b7beb9301a9b0cda001169f8eaaec2fb7641053234d7a61d9ddaafc01a4753	normalized/packets/G13-uncertain-RF-mention--macos-arm64--existing--isometric.json	F02,F09
F09	1fd312d8be84a4c61099691e35e057b9bd434833fe087b79bb43f896554c2240	normalized/packets/G13-uncertain-RF-mention--macos-arm64--existing--tensorcash.json	F02,F09
F09	f901aeabe348d759a73efd17356faa5d864c6ef398dc8d30231686c8a0147931	normalized/packets/G13-uncertain-RF-mention--macos-arm64--fresh--isometric.json	F02,F09
F09	e8bcb74e7128c335ab9e51ff6529ffa3e3d96b70e9acf8d0d1e89596ab30647f	normalized/packets/G13-uncertain-RF-mention--macos-arm64--fresh--tensorcash.json	F02,F09
F09	c6e3e812da9742943abd4fea403453151a9fa9aacfeaf4bcfafdcc79736f1824	normalized/packets/G13-uncertain-RF-pending-paste--macos-arm64--existing--isometric.json	F02,F09
F09	2c37ef26718585f45e4bf19086930e1d45dd934f9ed5ab7599140975ad5f2dd5	normalized/packets/G13-uncertain-RF-pending-paste--macos-arm64--existing--tensorcash.json	F02,F09
F09	35876c77b3998bb5dcbc3cb9d0978f7a9d755503be99e8531429630b91c5d584	normalized/packets/G13-uncertain-RF-pending-paste--macos-arm64--fresh--isometric.json	F02,F09
F09	5448881500effdb81b1076e0742af1ec643cf0deee9791eec9233c4bdca3b9ec	normalized/packets/G13-uncertain-RF-pending-paste--macos-arm64--fresh--tensorcash.json	F02,F09
F09	454e2d12ab399022ae7565156e6b85e08f9633610f9df5b2009953a42f2a50ab	normalized/packets/G13-uncertain-RF-remote-image--macos-arm64--existing--isometric.json	F02,F09
F09	9798c8993fcbf330eeb294d105e98da843d81eb1e186d9aba17a9d88fb29f2fb	normalized/packets/G13-uncertain-RF-remote-image--macos-arm64--existing--tensorcash.json	F02,F09
F09	9751d6e73f91a4bcb13c6664337b4ecfddac1b16f4f7efcd0b16687a727dad5b	normalized/packets/G13-uncertain-RF-remote-image--macos-arm64--fresh--isometric.json	F02,F09
F09	ade4eec4c0a7e84a1bb5d7bb4637a59fdd9a640f8b84a20c1040a9bb23e8613d	normalized/packets/G13-uncertain-RF-remote-image--macos-arm64--fresh--tensorcash.json	F02,F09
F09	746255ad87a9d5883ce14805d9a80f1e1cb1ee37247505ca6fbacf8d6b55e88d	normalized/packets/G13-uncertain-RF-text--macos-arm64--existing--isometric.json	F02,F09
F09	750ca9cf4d67a46afb575661c263f3143cf5adc90fb6716df3535f65d4cb09b8	normalized/packets/G13-uncertain-RF-text--macos-arm64--existing--tensorcash.json	F02,F09
F09	f906245782002af670dbf1d7b065979830e6281435eb763f87ab55f827b71e1d	normalized/packets/G13-uncertain-RF-text--macos-arm64--fresh--isometric.json	F02,F09
F09	164ad2962f02ac878b6918e98d499e779095b8cdb237552a2a526e29ebcd8c19	normalized/packets/G13-uncertain-RF-text--macos-arm64--fresh--tensorcash.json	F02,F09
F09	fe8ee51f46dbf4bec47d82f3c12449c03da5d5b17e2649410ed817789072ced4	normalized/packets/G13-unsupported-FR-local-image--macos-arm64--existing--isometric.json	F02,F09
F09	a41c740ffccbb3c1b315b53c6fb235562230c01980db5aa9945b2b1f637e0374	normalized/packets/G13-unsupported-FR-local-image--macos-arm64--existing--tensorcash.json	F02,F09
F09	c111dda5e7ed6c68f49d9b504b494346559f220b145dbdfea22f68591a2beed7	normalized/packets/G13-unsupported-FR-local-image--macos-arm64--fresh--isometric.json	F02,F09
F09	854ac518881ccd5f3dacb941bb89cf15b63d8236086500225bc3c3a83ce562fe	normalized/packets/G13-unsupported-FR-local-image--macos-arm64--fresh--tensorcash.json	F02,F09
F09	588b94058296b5523fc81b011b6371d70d84d66ec4e7d6d9f258b8ae57616fa2	normalized/packets/G13-unsupported-FR-mention--macos-arm64--existing--isometric.json	F02,F09
F09	b0bf1a5843d153dacd8ebaba4202a6265d5b19cd5d03bbc57399f451fb0ac4ba	normalized/packets/G13-unsupported-FR-mention--macos-arm64--existing--tensorcash.json	F02,F09
F09	7b77f7156da36eb0bab87b9ec4c6ab737e4642e3a20017d9342dba0dca9e3e23	normalized/packets/G13-unsupported-FR-mention--macos-arm64--fresh--isometric.json	F02,F09
F09	9f489b044c5e8ab7abea8afcef6d45d89cab2f92b0dfdb0b7adf1d786ad1d8c6	normalized/packets/G13-unsupported-FR-mention--macos-arm64--fresh--tensorcash.json	F02,F09
F09	3de643763ed6c88bc07d2b2f19a5ac247bea74da88eb8d55e6beda8f72a14a74	normalized/packets/G13-unsupported-FR-pending-paste--macos-arm64--existing--isometric.json	F02,F09
F09	526743a873e4619d48fd373c29fc99ac63cb47c5db3e57c741555fbceeb05692	normalized/packets/G13-unsupported-FR-pending-paste--macos-arm64--existing--tensorcash.json	F02,F09
F09	befb19027bff0d638a5052a0fc839cc091f3ea6a95dbcba2822360c2534bc19a	normalized/packets/G13-unsupported-FR-pending-paste--macos-arm64--fresh--isometric.json	F02,F09
F09	80db12a46611286be95388a8115ed29f4a63b8a3ca923e9e0dc584620e248c02	normalized/packets/G13-unsupported-FR-pending-paste--macos-arm64--fresh--tensorcash.json	F02,F09
F09	ef0aaaac0f215b88dd8ba7b9d9eb745e34058b3e8117ad8eb3d08faea7e3601f	normalized/packets/G13-unsupported-FR-remote-image--macos-arm64--existing--isometric.json	F02,F09
F09	0c866d1f499575a894c4c86ecc869b4dbc4026b69920086331ce282f942994cc	normalized/packets/G13-unsupported-FR-remote-image--macos-arm64--existing--tensorcash.json	F02,F09
F09	f56302d7a7638f89da10711443a835c3901ef1f5a1d396c30a604088590a6352	normalized/packets/G13-unsupported-FR-remote-image--macos-arm64--fresh--isometric.json	F02,F09
F09	bb515751af9a6460afa774cc2559b300bf4ba2cff8ec6e1003de8d1b2f759ca2	normalized/packets/G13-unsupported-FR-remote-image--macos-arm64--fresh--tensorcash.json	F02,F09
F09	73b900f098d62987d89add8aecfb2ff97624e282288c30a9c6ac91e63f465091	normalized/packets/G13-unsupported-FR-text--macos-arm64--existing--isometric.json	F02,F09
F09	e3ce2d3ac59679359a2af7e690eb1a6424c50330e7bacbf0a1c8c0bf66684126	normalized/packets/G13-unsupported-FR-text--macos-arm64--existing--tensorcash.json	F02,F09
F09	0aac7da8c6fe4477900b35cfaa83ac8b9cc0bbb412bfc6b6c49d59e0e2e4ba0e	normalized/packets/G13-unsupported-FR-text--macos-arm64--fresh--isometric.json	F02,F09
F09	d51f9f1fe9f6a6acaae1000980aba4a5c6e3d931c451b53163d047653922c7ae	normalized/packets/G13-unsupported-FR-text--macos-arm64--fresh--tensorcash.json	F02,F09
F09	a595cf087ae1d335a57f04e97c1470835b2c7c91abcfa54f646adeccb190b5af	normalized/packets/G13-unsupported-RF-local-image--macos-arm64--existing--isometric.json	F02,F09
F09	86bab5a555ee35c28980fce0bdc7627f6edefc6644cf81f57a8be0d0513406a7	normalized/packets/G13-unsupported-RF-local-image--macos-arm64--existing--tensorcash.json	F02,F09
F09	32962a105f6fe3625dd6a45efdb3661835fd2cdabfe44724c627efb089ee3af8	normalized/packets/G13-unsupported-RF-local-image--macos-arm64--fresh--isometric.json	F02,F09
F09	6f7edb3601a863897ba17557c1b97d583abc49b0d38b1b59d9926a019902d43e	normalized/packets/G13-unsupported-RF-local-image--macos-arm64--fresh--tensorcash.json	F02,F09
F09	4b547cfee4e56b0497d023aea8a7b5cd328f6840ba24e0307e3cf2c33f119844	normalized/packets/G13-unsupported-RF-mention--macos-arm64--existing--isometric.json	F02,F09
F09	2d33325291f264d01ea299496e85ca7e3b8fa736fa0245d4dfbe2250119fe605	normalized/packets/G13-unsupported-RF-mention--macos-arm64--existing--tensorcash.json	F02,F09
F09	981f0ec7eb4146590d29cebab62f85607661a3eacd168ad928c96ca411454329	normalized/packets/G13-unsupported-RF-mention--macos-arm64--fresh--isometric.json	F02,F09
F09	992f5f9d86972e29c50cefaf560db6351a9117a069c746ec3fbd192d79c8e089	normalized/packets/G13-unsupported-RF-mention--macos-arm64--fresh--tensorcash.json	F02,F09
F09	f3c5416f50c5de0ce62fb5f85ccf8c651f4733b7e19922aec01309fbddbfb80a	normalized/packets/G13-unsupported-RF-pending-paste--macos-arm64--existing--isometric.json	F02,F09
F09	16049e85d0e40fe4d61bd8de5e4d2c33a462eaf46c785c127050f42a4466a2ef	normalized/packets/G13-unsupported-RF-pending-paste--macos-arm64--existing--tensorcash.json	F02,F09
F09	7e25ebd151e35d7f8bfe9ab144020a7349bebd31eea28cc2f6bddc4410ddd564	normalized/packets/G13-unsupported-RF-pending-paste--macos-arm64--fresh--isometric.json	F02,F09
F09	03f5a8667aa995eb5174f7edf25a1c8d3e50bc6f4f1d1c833d5f7001f24522b8	normalized/packets/G13-unsupported-RF-pending-paste--macos-arm64--fresh--tensorcash.json	F02,F09
F09	9bdaf3c94e1ea6c65b42ff71f11d17bd31fa7c37fe40d502c4cda65367fc57b0	normalized/packets/G13-unsupported-RF-remote-image--macos-arm64--existing--isometric.json	F02,F09
F09	8f6013f50c53663f07fa31eda8a62ea0093399239307a6bb873d6fb2aedd7c85	normalized/packets/G13-unsupported-RF-remote-image--macos-arm64--existing--tensorcash.json	F02,F09
F09	e519afb72d09457f4708b332b758e77fe25b9e506713dabd1c0f0299fca03424	normalized/packets/G13-unsupported-RF-remote-image--macos-arm64--fresh--isometric.json	F02,F09
F09	a8d6583f2a820ce47e38a6bb03712624c3d7f7a04e4082361df1ffe937721b6a	normalized/packets/G13-unsupported-RF-remote-image--macos-arm64--fresh--tensorcash.json	F02,F09
F09	e47b7cd952996f5260a07c74d00bc44c0cd189230546af46d1b7184816bb1f3f	normalized/packets/G13-unsupported-RF-text--macos-arm64--existing--isometric.json	F02,F09
F09	90c4ea15bc64c62a35899ec039862e91aca95bfbfaa0434764dbfb65f2bce9a1	normalized/packets/G13-unsupported-RF-text--macos-arm64--existing--tensorcash.json	F02,F09
F09	a9d2fe1f9618eaf8671a414b6b0db5a99edea2ff0f16c70ab9bfe3374bd7c08c	normalized/packets/G13-unsupported-RF-text--macos-arm64--fresh--isometric.json	F02,F09
F09	f93764cf95ae239120915aa933b187173607d4f5e3a99af53400fe2e0c13fb57	normalized/packets/G13-unsupported-RF-text--macos-arm64--fresh--tensorcash.json	F02,F09
F09	fdb57a0e478c8738962050ce0c83d9284ed3355de4c7e5995d2e1d6bd695d698	normalized/packets/G14-active--macos-arm64--existing--isometric.json	F09
F09	6c723c2e9cd3ef2bb2937f45d2be437352dfcbf5fe2335aeeb6454ada1f5b240	normalized/packets/G14-active--macos-arm64--existing--tensorcash.json	F09
F09	4a59e464cf97a12a5880cf97128045ae0572d305607424d62bb0ada843ed6563	normalized/packets/G14-active--macos-arm64--fresh--isometric.json	F09
F09	e2c9b2258a45dce8407a86e3ec97fb638294bb62c4f8baa3e90666c077548ae2	normalized/packets/G14-active--macos-arm64--fresh--tensorcash.json	F09
F09	e1549a2d3fe0a34e0a3d2848d169dd796d1a2ffe6dca922e0cac72b0d6b9cd60	normalized/packets/G14-queued--macos-arm64--existing--isometric.json	F09
F09	108f496bd9fb66d0dc2671c061139c3734cda40a844d6a2fa003549ab4090be6	normalized/packets/G14-queued--macos-arm64--existing--tensorcash.json	F09
F09	79d5eaf6188e336e84b41f7f207c06d484283c8d9bd95044029ff67301436342	normalized/packets/G14-queued--macos-arm64--fresh--isometric.json	F09
F09	4d072cea0b52e00e975f20ce5bb70740c54f6a89e16c2e64e2a88716e6ad9d1e	normalized/packets/G14-queued--macos-arm64--fresh--tensorcash.json	F09
